,rent_type_合租,rent_type_整租,rent_type_nan,floor,独立卫生间,电视,is_broker,阳台,area,沙发,facilities_null,热水器,衣柜,price,独立阳台,床,crawl_time,独卫,toilet_num,room_num,floor_total,decoration
0,0,1,0,3,0,1,1,0,114,0,0,1,0,3500,0,1,127,0,1,2,6,4
1,0,1,0,1,0,1,0,0,70,0,0,1,0,2700,0,1,133,0,1,2,16,4
2,0,1,0,3,0,1,1,0,50,0,0,1,0,3800,0,1,127,0,1,1,23,2
3,0,1,0,1,0,1,1,0,85,0,0,1,0,4500,0,1,127,0,1,2,21,4
4,0,1,0,1,0,1,1,0,60,0,0,1,0,3200,0,1,127,0,1,2,6,4
5,0,1,0,2,0,1,1,0,90,0,0,1,0,2900,0,1,127,0,1,2,6,3
6,0,1,0,2,0,1,1,0,85,0,0,1,0,2600,0,1,127,0,1,2,6,3
7,0,1,0,2,0,1,1,0,90,0,0,1,0,3600,0,1,127,0,1,2,9,3
8,1,0,0,2,0,1,1,0,12,0,0,1,0,1500,0,1,127,0,1,1,12,3
9,0,1,0,3,0,1,1,0,45,0,0,1,0,4000,0,1,128,0,1,1,6,4
10,0,1,0,1,0,1,1,0,52,0,0,1,0,1600,0,1,127,0,1,2,6,4
11,1,0,0,1,0,1,1,0,26,0,0,1,0,1000,0,1,127,0,1,3,6,4
12,1,0,0,1,0,1,1,0,15,0,0,1,0,800,0,1,147,0,1,3,6,4
13,0,1,0,3,0,1,1,0,96,0,0,1,0,4240,0,1,127,0,1,3,18,4
14,0,1,0,2,0,1,1,0,65,0,0,1,0,4800,0,1,127,0,1,2,6,3
15,0,1,0,1,0,1,1,0,126,0,0,1,0,7000,0,1,127,0,2,3,11,5
16,0,1,0,2,0,0,1,0,101,0,1,0,0,8000,0,0,127,0,1,2,11,3
17,0,1,0,2,0,1,1,0,55,0,0,1,0,2500,0,1,127,0,1,2,6,3
18,1,0,0,1,0,1,1,0,25,0,0,1,0,2000,0,1,127,0,1,2,6,4
19,1,0,0,1,0,1,1,0,18,0,0,1,0,900,0,1,127,0,1,3,18,4
20,0,1,0,3,0,1,1,0,80,0,0,1,0,2500,0,1,147,0,1,2,22,4
21,0,1,0,2,0,1,1,0,68,0,0,1,0,4000,0,1,127,0,1,2,12,3
22,1,0,0,2,0,1,1,0,16,0,0,1,0,750,0,1,127,0,2,3,9,3
23,1,0,0,2,0,1,1,0,25,0,0,1,0,1500,0,1,127,0,1,3,6,3
24,0,1,0,2,0,1,1,0,90,0,0,1,0,2100,0,1,127,0,1,2,6,3
25,0,1,0,2,0,1,1,0,70,0,0,1,0,6500,0,1,127,0,1,2,15,3
26,1,0,0,2,0,1,1,0,8,0,0,1,0,600,0,1,127,0,1,2,15,3
27,0,1,0,2,0,0,1,0,128,0,0,0,0,6500,0,1,129,0,2,3,9,3
28,0,1,0,3,0,1,1,0,98,0,0,1,0,2600,0,1,127,0,1,2,26,5
29,0,1,0,2,0,1,1,0,70,0,0,1,0,5000,0,1,127,0,1,1,18,3
30,0,1,0,3,0,1,1,0,86,0,0,1,0,4300,0,1,127,0,1,2,10,4
31,0,1,0,2,0,1,1,0,20,0,0,1,0,900,0,1,127,0,2,3,16,3
32,1,0,0,2,0,1,1,0,26,0,0,1,0,2200,0,1,127,0,1,3,24,3
33,1,0,0,2,0,1,1,0,30,0,0,1,0,2000,0,1,127,0,2,3,6,3
34,1,0,0,2,0,1,1,0,20,0,0,1,0,2000,0,1,127,0,1,2,6,3
35,0,1,0,3,0,1,1,0,80,0,0,1,0,1700,0,1,127,0,1,2,33,5
36,0,1,0,3,0,1,1,0,58,0,0,1,0,5700,0,1,127,0,1,1,13,4
37,0,1,0,1,0,1,1,0,120,0,0,1,0,5700,0,1,127,0,1,3,32,4
38,1,0,0,3,0,1,1,0,90,0,0,1,0,1350,0,1,127,0,1,3,18,4
39,0,1,0,2,0,1,1,0,60,0,0,1,0,3000,0,1,127,0,1,1,15,3
40,0,1,0,2,0,1,1,0,22,0,0,1,0,1000,0,1,127,0,2,4,6,3
41,0,1,0,2,0,1,1,0,98,0,0,1,0,5400,0,1,127,0,1,2,28,3
42,1,0,0,2,0,1,1,0,19,0,0,1,0,1800,0,1,127,0,1,3,23,3
43,1,0,0,2,0,1,1,0,15,0,0,1,0,1500,0,1,127,0,1,3,20,3
44,0,1,0,1,0,1,1,0,15,0,0,1,0,2420,0,1,127,0,1,1,12,4
45,0,1,0,3,0,1,1,0,60,0,0,1,0,4650,0,1,127,0,1,2,6,4
46,0,1,0,2,0,1,1,0,93,0,0,1,0,16000,0,1,127,0,1,1,21,3
47,0,1,0,1,0,1,1,0,12,0,0,1,0,900,0,1,127,0,1,1,23,4
48,0,1,0,3,0,1,1,0,65,0,0,1,0,5800,0,1,128,0,1,1,23,4
49,0,1,0,2,0,1,1,0,86,0,0,1,0,3500,0,1,129,0,1,2,18,3
50,1,0,0,1,0,1,1,0,16,0,0,1,0,1700,0,1,127,0,1,3,6,4
51,1,0,0,2,0,1,1,0,25,0,0,1,0,3000,0,1,127,0,2,3,31,3
52,0,1,0,1,0,1,1,0,89,0,0,1,0,1000,0,1,129,0,1,2,6,4
53,0,1,0,2,0,1,1,0,76,0,0,1,0,2500,0,1,127,0,1,1,15,3
54,0,1,0,2,0,1,1,0,87,0,0,1,0,7800,0,1,147,0,1,2,30,3
55,0,1,0,2,0,1,1,0,73,0,0,1,0,4000,0,1,127,0,1,2,6,3
56,0,1,0,2,0,1,1,0,150,0,0,1,0,15500,0,1,127,0,2,3,15,3
57,0,1,0,2,0,1,1,0,66,0,0,1,0,8500,0,1,127,0,1,1,28,3
58,1,0,0,1,0,1,1,0,18,0,0,1,0,950,0,1,127,0,1,2,20,4
59,1,0,0,1,0,1,1,0,28,0,0,1,0,1400,0,1,127,0,1,4,7,4
60,1,0,0,1,0,1,1,0,25,0,0,1,0,2300,0,1,127,0,1,4,18,4
61,0,1,0,2,0,1,1,0,63,0,0,1,0,1800,0,1,127,0,1,1,18,3
62,0,1,0,2,0,1,1,0,70,0,0,1,0,8500,0,1,127,0,1,1,26,3
63,0,1,0,2,0,1,1,0,65,0,0,1,0,5000,0,1,127,0,1,2,6,3
64,0,1,0,1,0,1,1,0,85,0,0,1,0,7800,0,1,127,0,1,3,12,4
65,1,0,0,2,0,1,1,0,25,0,0,1,0,1600,0,1,282,0,2,3,29,3
66,0,1,0,1,0,1,1,0,65,0,0,1,0,5200,0,1,127,0,1,2,6,4
67,0,1,0,1,0,1,1,0,25,0,0,1,0,2200,0,1,127,0,2,3,22,4
68,1,0,0,2,0,1,1,0,20,0,0,1,0,1100,0,1,127,0,1,3,12,3
69,0,1,0,2,0,1,1,0,127,0,0,1,0,18000,0,1,127,0,2,3,22,3
70,0,1,0,2,0,1,1,0,161,0,0,1,0,11000,0,1,127,0,2,3,17,3
71,0,1,0,1,0,1,1,0,88,0,0,1,0,2500,0,1,127,0,1,2,16,4
72,0,1,0,3,0,1,1,0,130,0,0,1,0,14000,0,1,127,0,2,2,30,4
73,0,1,0,2,0,1,1,0,119,0,0,0,0,3300,0,1,127,0,2,3,24,3
74,1,0,0,2,0,1,1,0,25,0,0,1,0,2500,0,1,128,0,1,3,24,3
75,0,1,0,2,0,1,1,0,76,0,0,1,0,13000,0,1,127,0,2,2,15,3
76,0,1,0,3,0,1,1,0,87,0,0,1,0,2200,0,1,127,0,1,2,32,4
77,1,0,0,3,0,0,1,0,22,0,0,1,0,650,0,1,127,0,1,3,6,4
78,1,0,0,2,0,1,1,0,26,0,0,1,0,900,0,1,127,0,1,3,6,3
79,0,1,0,2,0,1,1,0,63,0,0,1,0,5500,0,1,128,0,1,2,6,3
80,0,1,0,2,0,1,1,0,88,0,0,1,0,3000,0,1,127,0,1,2,26,3
81,0,1,0,3,0,1,1,0,92,0,0,1,0,9600,0,1,127,0,1,2,21,4
82,0,1,0,1,0,1,1,0,98,0,0,1,0,3000,0,1,276,0,1,2,10,4
83,0,1,0,2,0,1,1,0,30,0,0,1,0,1200,0,1,294,0,1,1,6,3
84,0,1,0,1,0,1,1,0,50,0,0,1,0,2000,0,1,279,0,1,1,6,4
85,1,0,0,2,0,1,1,0,22,0,0,1,0,1200,0,1,127,0,1,3,24,3
86,1,0,0,2,0,1,1,0,20,0,0,1,0,2300,0,1,127,0,1,2,6,3
87,0,1,0,2,0,1,1,0,68,0,0,1,0,5500,0,1,127,0,1,2,6,3
88,0,1,0,3,0,1,1,0,134,0,0,1,0,20000,0,1,127,0,2,3,25,4
89,0,1,0,2,0,1,1,0,80,0,0,1,0,2700,0,1,295,0,1,2,16,3
90,0,1,0,1,0,1,1,0,95,0,0,1,0,2000,0,0,127,0,1,2,22,4
91,0,1,0,2,0,1,1,0,68,0,0,1,0,5500,0,1,127,0,1,2,6,3
92,0,1,0,2,0,0,1,0,103,0,0,1,0,3800,0,0,128,0,1,3,21,3
93,1,0,0,2,0,1,1,0,12,0,0,1,0,1100,0,1,127,0,1,3,25,3
94,0,1,0,2,0,1,1,0,45,0,0,1,0,4500,0,1,127,0,1,1,6,3
95,0,1,0,2,0,1,1,0,41,0,0,1,0,3400,0,1,127,0,1,1,8,3
96,0,1,0,2,0,0,1,0,58,0,0,1,0,3800,0,0,127,0,1,1,10,3
97,0,1,0,3,0,1,1,0,141,0,0,1,0,12000,0,1,127,0,2,3,21,5
98,0,1,0,1,0,1,1,0,21,0,0,1,0,999,0,1,127,0,1,2,18,2
99,1,0,0,2,0,1,1,0,16,0,0,1,0,550,0,1,128,0,1,1,16,3
100,0,1,0,2,0,0,1,0,89,0,0,1,0,2600,0,1,127,0,1,2,24,3
101,0,1,0,3,0,1,1,0,63,0,0,1,0,6000,0,1,127,0,1,1,19,5
102,1,0,0,2,0,1,1,0,26,0,0,1,0,1700,0,1,127,0,2,3,6,3
103,1,0,0,2,0,1,1,0,18,0,0,1,0,1000,0,1,127,0,2,3,18,3
104,0,1,0,3,0,1,1,0,249,0,0,1,0,9500,0,0,127,0,3,8,6,5
105,0,1,0,3,0,1,1,0,25,0,0,1,0,2100,0,1,127,0,1,3,6,4
106,1,0,0,2,0,1,1,0,24,0,0,1,0,2000,0,1,127,0,1,3,20,3
107,1,0,0,2,0,1,1,0,18,0,0,1,0,1800,0,1,127,0,2,3,26,3
108,1,0,0,2,0,1,1,0,50,0,0,1,0,1600,0,1,127,0,2,5,13,3
109,1,0,0,3,0,1,1,0,15,0,0,1,0,1500,0,1,127,0,1,4,25,4
110,1,0,0,2,0,1,1,0,20,0,0,1,0,2000,0,1,128,0,1,3,6,3
111,0,1,0,3,0,1,1,0,35,0,0,1,0,1300,0,1,127,0,1,1,16,4
112,0,1,0,1,0,1,1,0,90,0,0,1,0,5200,0,1,127,0,1,2,21,4
113,0,1,0,3,0,1,1,0,50,0,0,1,0,5500,0,1,127,0,1,1,7,4
114,0,1,0,2,0,1,1,0,78,0,0,1,0,2500,0,1,127,0,1,2,19,3
115,0,1,0,1,0,1,1,0,80,0,0,1,0,3100,0,1,128,0,1,2,7,4
116,1,0,0,1,0,1,1,0,80,0,0,1,0,1200,0,1,127,0,1,2,6,4
117,0,1,0,2,0,1,1,0,55,0,0,1,0,6000,0,1,127,0,1,1,18,3
118,0,1,0,1,0,1,1,0,90,0,0,1,0,4900,0,1,127,0,1,2,21,4
119,0,1,0,1,0,1,1,0,90,0,0,1,0,5800,0,1,127,0,1,2,28,4
120,0,1,0,2,0,1,1,0,90,0,0,1,0,6400,0,1,127,0,1,2,25,3
121,0,1,0,2,0,1,1,0,56,0,0,1,0,1800,0,1,128,0,1,1,18,3
122,0,1,0,2,0,1,1,0,86,0,0,1,0,6000,0,1,127,0,1,2,24,3
123,0,1,0,2,0,1,1,0,88,0,0,1,0,1900,0,1,128,0,1,2,18,3
124,0,1,0,1,0,1,1,0,120,0,0,1,0,10000,0,1,128,0,3,3,19,4
125,1,0,0,1,1,1,0,1,38,1,0,1,1,2000,0,1,322,0,1,3,19,4
126,1,0,0,1,0,1,1,0,20,0,0,1,0,1600,0,1,127,0,1,3,24,4
127,1,0,0,1,0,1,1,0,80,0,0,1,0,1200,0,1,127,0,1,2,6,4
128,0,1,0,1,0,1,1,0,85,1,0,1,1,2500,1,1,128,1,1,2,20,4
129,0,1,0,2,0,1,1,0,65,0,0,1,0,2300,0,1,127,0,1,1,18,3
130,1,0,0,1,0,1,1,0,15,1,0,1,1,1800,1,1,127,1,1,3,28,4
131,0,1,0,2,0,1,1,0,90,0,0,1,0,6800,0,1,127,0,1,2,18,3
132,0,1,0,2,0,1,1,0,67,1,0,1,1,4000,1,1,127,1,1,2,6,3
133,0,1,0,2,0,1,1,0,95,0,0,1,0,4000,0,1,152,0,1,3,6,3
134,0,1,0,3,0,1,1,0,75,0,0,1,0,11000,0,1,127,0,1,1,17,4
135,1,0,0,2,0,1,1,0,30,0,0,1,0,2900,0,1,127,0,1,3,20,3
136,0,1,0,3,0,1,1,0,76,1,0,1,1,6600,1,1,127,1,1,2,30,4
137,1,0,0,1,0,1,1,0,20,0,0,1,0,1250,0,1,147,0,1,2,9,4
138,0,1,0,1,0,1,1,0,135,0,0,1,0,6300,0,1,127,0,2,3,11,2
139,0,1,0,2,0,1,1,0,68,1,0,1,1,6500,1,1,127,1,1,2,6,3
140,1,0,0,1,0,1,1,0,28,1,0,1,1,2900,1,1,128,1,1,4,24,4
141,0,1,0,1,0,1,1,0,58,1,0,1,1,3300,1,1,128,1,1,1,11,4
142,1,0,0,2,0,1,1,0,20,1,0,1,1,900,1,1,127,1,2,3,6,3
143,0,1,0,2,0,1,1,0,80,0,0,1,0,7300,0,1,128,0,1,2,15,3
144,0,1,0,1,0,1,1,0,90,0,0,1,0,3800,0,1,127,0,1,2,21,4
145,0,1,0,3,0,1,1,0,60,1,0,1,1,6000,1,1,127,1,1,1,28,5
146,1,0,0,1,0,1,1,0,57,0,0,1,0,1600,0,1,127,0,1,3,6,4
147,1,0,0,2,0,1,1,0,20,1,0,1,1,900,1,1,127,1,1,3,15,3
148,1,0,0,2,0,1,1,0,25,0,0,1,0,2800,0,1,128,0,1,3,6,3
149,0,1,0,2,1,1,1,1,125,1,0,1,1,3000,0,1,292,0,1,3,6,3
150,0,1,0,2,0,1,1,0,76,1,0,1,1,4500,1,1,127,1,1,2,20,3
151,1,0,0,2,0,1,1,0,10,0,0,1,0,1000,0,1,127,0,2,3,18,3
152,0,1,0,2,0,1,1,0,95,0,0,1,0,5000,0,1,128,0,1,2,6,3
153,1,0,0,2,0,1,1,0,22,1,0,1,1,1850,1,1,167,1,1,3,16,3
154,0,1,0,3,0,1,1,0,98,1,0,1,1,1500,1,1,127,1,1,3,6,5
155,0,1,0,3,0,1,1,0,137,0,0,1,0,16000,0,1,128,0,2,2,33,4
156,0,1,0,3,0,1,1,0,75,0,0,1,0,2800,0,1,147,0,1,2,6,2
157,0,1,0,1,0,1,1,0,92,0,0,1,0,6000,0,1,128,0,1,2,12,4
158,0,1,0,2,0,1,1,0,65,0,0,1,0,3200,0,1,127,0,1,1,11,3
159,0,1,0,2,0,1,1,0,90,1,0,1,1,2500,1,1,127,1,1,3,32,3
160,1,0,0,3,0,1,1,0,25,1,0,1,1,2200,1,1,127,1,2,5,11,4
161,0,1,0,1,0,1,1,0,32,1,0,1,1,3800,1,1,127,1,1,1,6,4
162,1,0,0,2,0,1,1,0,28,1,0,1,1,2700,1,1,127,1,1,3,16,3
163,1,0,0,2,0,1,1,0,15,0,0,1,0,1500,0,1,128,0,1,4,22,3
164,1,0,0,3,0,1,1,0,20,1,0,1,1,2000,1,1,127,1,1,3,6,4
165,0,1,0,2,0,1,1,0,105,0,0,1,0,4700,0,1,127,0,1,3,6,3
166,0,1,0,3,0,1,1,0,95,0,0,1,0,4500,0,1,127,0,1,2,15,2
167,0,1,0,2,0,1,1,0,75,1,0,1,1,4300,1,1,128,1,1,2,28,3
168,1,0,0,2,0,1,1,0,20,0,0,1,0,1500,0,1,282,0,1,2,22,3
169,1,0,0,1,0,1,1,0,37,1,0,1,1,1250,1,1,127,1,1,3,6,4
170,0,1,0,2,0,1,1,0,80,1,0,1,1,1800,1,1,127,1,1,2,33,3
171,0,1,0,2,0,1,1,0,75,1,0,1,1,4500,1,1,127,1,1,2,6,3
172,0,1,0,3,0,1,1,0,45,0,0,1,0,6000,0,1,127,0,1,1,26,4
173,1,0,0,2,0,1,1,0,20,1,0,1,1,1400,1,1,128,1,1,3,6,3
174,1,0,0,3,0,1,1,0,13,1,0,1,1,2100,1,1,127,1,1,3,13,4
175,0,1,0,1,0,1,1,0,55,0,0,1,0,4100,0,1,127,0,1,1,23,4
176,0,1,0,2,0,0,1,0,72,0,0,1,0,4200,0,0,127,1,1,1,20,3
177,1,0,0,1,0,1,1,0,12,1,0,1,1,1000,1,1,127,1,1,3,28,4
178,1,0,0,2,0,1,1,0,18,0,0,1,0,1650,0,1,127,0,1,2,18,3
179,0,1,0,2,0,1,1,0,85,0,0,1,0,2400,0,1,127,0,1,2,6,3
180,0,1,0,3,0,1,1,0,89,1,0,1,1,2800,1,1,127,1,1,2,18,4
181,0,1,0,2,0,1,1,0,80,1,0,1,1,2600,1,1,127,1,1,2,6,3
182,0,1,0,3,0,1,1,0,75,1,0,1,1,4500,1,1,127,1,1,2,16,4
183,1,0,0,3,0,1,1,0,15,0,0,1,0,1400,0,1,127,0,1,1,26,4
184,0,1,0,2,0,1,1,0,146,1,0,1,1,4800,1,1,128,1,2,3,15,3
185,0,1,0,3,1,1,1,1,70,1,0,1,1,4700,0,1,267,0,1,2,20,4
186,1,0,0,3,0,1,1,0,25,1,0,1,1,1200,1,1,127,1,2,4,6,4
187,1,0,0,1,0,1,1,0,30,1,0,1,1,3000,1,1,127,1,1,3,6,4
188,0,1,0,3,0,1,1,0,60,1,0,1,1,2300,1,1,127,1,1,1,6,4
189,0,1,0,1,0,1,1,0,55,1,0,1,1,3100,1,1,147,1,1,1,6,4
190,0,1,0,1,0,1,1,0,85,0,0,0,0,2000,0,0,127,0,1,2,27,2
191,0,1,0,3,0,1,1,0,60,1,0,1,1,5200,1,1,127,1,1,1,6,4
192,0,1,0,3,0,1,1,0,75,1,0,1,1,4600,1,1,128,1,1,3,13,4
193,0,1,0,2,0,1,1,0,58,1,0,1,1,3900,1,1,127,1,1,1,21,3
194,0,1,0,2,0,1,1,0,65,1,0,1,1,8500,0,1,127,0,1,1,28,3
195,0,1,0,2,0,1,1,0,88,0,0,1,0,2200,0,1,127,0,1,2,17,3
196,0,1,0,2,0,1,1,0,95,0,0,1,0,12000,0,1,127,0,1,2,19,3
197,0,1,0,2,0,1,1,0,160,0,0,1,0,7200,0,1,127,0,2,3,18,3
198,1,0,0,2,0,1,1,0,25,1,0,1,1,2200,1,1,127,1,1,3,25,3
199,0,1,0,2,0,1,1,0,80,0,0,1,0,4800,0,1,127,0,1,2,6,3
200,1,0,0,2,0,1,0,1,20,1,0,1,1,1400,0,1,239,0,2,3,6,3
201,0,1,0,1,1,1,1,1,81,1,0,1,1,2800,0,1,277,0,1,2,11,3
202,1,0,0,2,0,1,1,0,28,1,0,1,1,2300,1,1,127,1,1,3,6,3
203,0,1,0,3,0,1,1,0,75,0,0,1,0,7200,0,1,281,0,1,3,16,4
204,0,1,0,3,0,1,1,0,60,0,0,1,0,5400,0,1,127,0,1,1,22,5
205,0,1,0,1,0,1,1,0,50,1,0,1,1,3500,1,1,127,1,1,1,6,4
206,0,1,0,1,0,1,1,0,196,1,0,1,1,20000,1,1,127,1,2,3,25,4
207,0,1,0,1,0,1,1,0,85,0,0,1,0,3100,0,1,127,0,1,2,18,4
208,0,1,0,1,0,1,1,0,55,1,0,1,1,5700,1,1,128,1,1,2,6,4
209,0,1,0,2,0,1,1,0,98,1,0,1,1,2500,1,1,127,1,1,3,34,3
210,0,1,0,2,0,1,1,0,65,1,0,1,1,5600,1,1,127,1,1,2,6,3
211,0,1,0,1,0,1,1,0,54,0,0,1,0,6500,1,1,127,1,1,1,22,2
212,0,1,0,3,0,1,1,0,56,0,0,1,0,2800,0,1,127,0,1,1,21,2
213,0,1,0,3,0,1,1,0,140,1,0,1,1,5500,1,1,127,1,2,3,15,4
214,0,1,0,2,0,1,1,0,100,1,0,1,1,5800,1,1,128,1,1,2,21,3
215,0,1,0,1,0,1,1,0,60,1,0,1,1,4800,1,1,127,1,1,2,25,2
216,1,0,0,2,1,1,0,1,20,1,0,1,1,1500,0,1,297,0,2,3,6,3
217,0,1,0,2,1,0,1,1,57,0,0,0,0,4300,0,0,294,0,1,1,6,3
218,0,1,0,3,1,1,1,1,45,1,0,1,1,3900,0,1,316,0,1,1,12,4
219,0,1,0,2,1,1,1,1,75,1,0,1,1,3900,0,1,318,0,1,2,6,3
220,0,1,0,3,1,1,1,0,129,1,0,1,1,14000,0,1,319,0,2,3,18,4
221,0,1,0,1,1,1,0,1,80,1,0,1,1,5800,0,1,319,0,1,2,16,4
222,0,1,0,2,1,1,1,1,42,1,0,1,1,1800,0,1,321,0,1,1,16,3
223,1,0,0,1,0,1,1,1,12,1,0,1,1,1650,0,1,323,0,1,2,20,4
224,1,0,0,3,1,1,1,1,25,1,0,1,1,3600,0,1,317,0,2,3,13,4
225,0,1,0,2,1,1,1,1,60,1,0,1,1,5200,0,1,322,0,1,2,6,3
226,0,1,0,3,1,1,1,1,70,1,0,1,1,4888,0,1,317,0,1,2,6,4
227,0,1,0,2,1,1,1,1,85,1,0,1,1,8500,0,1,320,0,1,3,12,3
228,1,0,0,2,1,1,0,1,20,1,0,1,1,900,0,1,320,0,1,3,6,3
229,0,1,0,1,1,1,1,1,32,1,0,1,1,1750,0,1,322,0,1,1,29,4
230,1,0,0,2,0,0,1,0,10,0,0,1,1,2130,0,1,102,0,2,4,24,3
231,1,0,0,1,0,0,1,0,20,0,0,1,1,1800,1,1,-14,0,1,1,22,4
232,1,0,0,2,0,1,1,0,15,1,0,1,1,1400,1,1,85,1,2,3,6,3
233,0,1,0,1,1,0,0,1,40,1,0,1,1,1600,0,1,320,0,1,1,30,4
234,0,1,0,1,1,1,0,1,20,1,0,1,1,2600,0,1,320,0,1,3,7,4
235,0,1,0,2,1,1,1,1,65,1,0,1,1,4800,0,1,296,0,1,2,6,3
236,0,1,0,3,0,0,1,0,140,0,1,0,0,8000,0,0,85,0,2,3,6,4
237,1,0,0,2,1,1,1,1,22,1,0,1,1,2000,0,1,322,0,1,3,18,3
238,0,1,0,2,1,1,1,1,52,1,0,1,1,4600,0,1,322,0,1,1,6,3
239,0,1,0,2,1,1,0,1,82,1,0,1,1,2300,0,1,319,0,1,2,6,3
240,0,1,0,1,0,1,0,1,125,1,0,1,1,16000,0,1,316,0,2,2,6,4
241,0,1,0,2,1,1,1,1,75,1,0,1,1,5200,0,1,319,0,1,2,6,3
242,1,0,0,1,1,1,1,1,30,1,0,1,1,2100,0,1,321,0,2,3,6,4
243,1,0,0,2,1,1,1,1,22,1,0,1,1,2000,0,1,320,0,2,3,22,3
244,1,0,0,2,0,0,0,0,18,0,0,1,1,900,0,1,320,0,1,3,6,3
245,0,1,0,1,1,1,0,1,30,1,0,1,1,1600,0,1,321,0,1,2,17,2
246,1,0,0,2,1,0,1,1,35,1,0,1,1,2200,0,1,292,0,1,1,6,3
247,0,1,0,2,0,1,1,0,65,1,0,1,1,4000,1,1,84,1,1,1,24,3
248,0,1,0,2,0,1,1,0,83,1,0,1,1,6600,1,1,85,1,1,1,30,3
249,0,1,0,3,1,1,0,1,60,1,0,1,1,3800,0,1,297,0,1,1,6,3
250,0,1,0,3,1,1,0,1,81,1,0,1,1,7500,0,1,293,0,1,2,28,4
251,0,1,0,2,0,1,1,1,12,1,0,1,1,500,0,1,323,0,1,3,12,3
252,0,1,0,1,1,1,1,1,60,1,0,1,1,10000,0,1,322,0,1,1,6,4
253,0,1,0,1,1,1,1,1,45,1,0,1,1,3800,0,1,296,0,1,1,20,4
254,1,0,0,3,0,0,1,0,20,1,0,1,1,650,1,1,85,0,2,3,8,4
255,1,0,0,3,0,1,1,0,22,1,0,1,1,1750,0,1,101,1,1,3,22,4
256,1,0,0,1,1,1,1,1,15,1,0,1,1,2050,0,1,318,0,1,3,22,4
257,0,1,0,3,0,1,1,0,50,0,0,1,0,6500,0,1,86,0,1,2,18,4
258,0,1,0,3,1,1,0,1,78,1,0,1,1,2800,0,1,320,0,1,2,27,4
259,0,1,0,1,1,1,1,1,96,1,0,1,1,1900,0,1,296,0,1,2,28,4
260,1,0,0,1,0,1,1,0,30,1,0,1,1,2800,1,1,85,1,2,3,6,4
261,1,0,0,2,0,1,1,1,28,1,0,1,1,1800,0,1,298,0,1,1,18,3
262,0,1,0,2,1,1,1,1,125,1,0,1,1,7000,0,1,279,0,2,3,21,3
263,0,1,0,2,1,1,1,1,50,1,0,1,1,4900,0,1,320,0,1,1,6,3
264,0,1,0,2,0,1,1,0,61,1,0,1,1,3800,1,1,85,1,1,1,10,3
265,1,0,0,2,0,1,1,0,27,1,0,1,1,2300,1,1,92,1,1,3,6,3
266,0,1,0,2,1,1,1,1,72,1,0,1,1,6500,0,1,293,0,1,2,18,3
267,1,0,0,1,0,1,1,0,27,0,0,1,0,1400,0,1,297,0,1,3,6,4
268,0,1,0,2,0,1,1,0,86,1,0,1,1,5200,1,1,-14,1,1,3,16,3
269,0,1,0,1,1,1,1,1,52,1,0,1,1,4300,0,1,297,0,1,1,24,4
270,1,0,0,1,1,1,1,1,21,1,0,1,1,1900,0,1,294,0,1,3,22,4
271,0,1,0,2,1,1,1,1,90,1,0,1,1,8200,0,1,322,0,1,2,18,3
272,0,1,0,2,1,1,1,1,46,1,0,1,1,3499,0,1,293,0,1,1,32,3
273,1,0,0,2,1,1,1,1,13,1,0,1,1,1300,0,1,319,0,1,3,23,3
274,1,0,0,2,1,1,1,1,15,1,0,1,1,1800,0,1,295,0,1,3,23,3
275,0,1,0,2,1,1,1,1,68,1,0,1,1,4500,0,1,294,0,1,2,22,3
276,1,0,0,2,1,1,1,1,24,1,0,1,1,2100,0,1,294,0,1,3,6,3
277,1,0,0,1,0,1,1,0,20,1,0,1,1,1450,1,1,84,1,2,4,6,4
278,1,0,0,2,1,1,1,1,25,1,0,1,1,2300,0,1,293,0,1,3,27,3
279,0,1,0,2,0,1,1,0,78,1,0,1,1,5100,1,1,85,1,1,2,27,3
280,1,0,0,2,0,1,1,0,20,1,0,1,1,1800,1,1,102,0,1,3,21,3
281,1,0,0,1,0,1,1,0,20,1,0,1,1,1500,1,1,85,1,1,3,9,4
282,1,0,0,2,1,1,1,1,16,1,0,1,1,1500,0,1,299,0,1,4,6,3
283,0,1,0,2,0,1,1,0,55,1,0,1,1,4300,1,1,84,1,1,1,6,3
284,0,1,0,2,0,1,1,0,60,1,0,1,1,3600,1,1,85,1,1,1,6,3
285,0,1,0,1,1,1,0,1,35,1,0,1,1,1100,0,1,274,0,1,1,15,4
286,0,1,0,3,0,1,1,0,65,1,0,1,1,6000,1,1,85,1,1,2,16,4
287,1,0,0,2,0,1,1,0,18,1,0,1,1,1600,1,1,90,1,1,2,25,3
288,1,0,0,1,1,1,1,1,20,1,0,1,1,1800,0,1,322,0,1,3,20,4
289,1,0,0,2,1,1,1,1,18,1,0,1,1,2700,0,1,322,0,1,2,6,3
290,0,1,0,2,0,1,1,0,90,0,0,1,0,6200,0,0,85,0,1,3,24,3
291,0,1,0,1,0,1,1,1,99,1,0,1,1,3000,0,1,321,0,1,3,13,4
292,1,0,0,2,1,1,1,1,18,1,0,1,1,1300,0,1,292,0,1,3,6,3
293,1,0,0,2,1,1,1,1,30,1,0,1,1,2000,0,1,280,0,1,2,26,3
294,0,1,0,2,1,1,1,1,75,1,0,1,1,6600,0,1,281,0,1,2,21,3
295,1,0,0,1,1,1,1,1,24,1,0,1,1,1900,0,1,292,0,3,3,22,4
296,0,1,0,2,1,1,0,1,59,1,0,1,1,6600,0,1,295,0,1,2,6,3
297,0,1,0,3,0,1,1,0,62,0,0,1,0,6000,0,1,280,0,1,2,6,4
298,1,0,0,3,1,1,1,1,10,1,0,1,1,2860,0,1,315,0,1,3,6,4
299,0,1,0,2,1,1,1,1,100,1,0,1,1,4500,0,1,293,0,1,2,7,3
300,1,0,0,1,1,1,0,1,22,1,0,1,1,1800,0,1,297,0,1,3,30,4
301,0,1,0,2,0,1,1,0,45,1,0,1,1,4600,1,1,85,1,1,1,6,3
302,0,1,0,2,1,1,1,1,86,1,0,1,1,2700,0,1,322,0,1,2,14,3
303,0,1,0,2,1,1,1,1,87,1,0,1,1,2800,0,1,282,0,1,2,18,3
304,0,1,0,3,1,1,1,1,83,1,0,1,1,3000,0,1,317,0,1,2,28,3
305,1,0,0,3,1,1,1,1,14,1,0,1,1,1560,0,1,323,0,1,2,26,4
306,0,1,0,3,0,1,0,0,83,1,0,1,1,200,1,1,61,1,1,2,26,2
307,1,0,0,2,0,1,1,0,20,1,0,1,1,1300,0,1,85,0,1,2,6,3
308,0,1,0,2,1,1,1,1,60,1,0,1,1,6000,0,1,279,0,1,1,20,3
309,0,1,0,2,1,1,0,1,75,1,0,1,1,4200,0,1,264,0,1,2,33,3
310,0,1,0,1,0,1,1,0,115,0,0,1,0,4500,0,1,295,0,1,3,6,4
311,1,0,0,3,1,1,0,1,26,1,0,1,1,1600,0,1,298,0,1,2,6,4
312,0,1,0,2,1,1,1,1,98,1,0,1,1,4300,0,1,298,0,1,2,7,3
313,1,0,0,2,0,1,1,1,25,1,0,1,1,1000,0,1,320,0,1,3,6,3
314,1,0,0,1,1,1,1,1,20,1,0,1,1,1350,0,1,321,0,1,3,6,4
315,0,1,0,1,1,1,1,1,66,1,0,1,1,4800,0,1,323,0,1,2,6,4
316,0,1,0,2,1,1,1,1,64,1,0,1,1,2600,0,1,280,0,1,2,6,3
317,0,1,0,1,0,0,1,0,64,0,0,0,0,12000,0,1,268,0,1,1,17,4
318,0,1,0,2,0,0,0,0,35,0,1,0,0,900,0,0,279,0,1,1,21,3
319,1,0,0,1,0,1,1,0,16,1,0,1,1,1300,0,1,319,0,1,2,6,4
320,1,0,0,2,0,0,1,0,140,1,0,1,1,550,1,1,85,1,2,3,26,3
321,0,1,0,3,1,1,0,1,37,0,0,1,0,4100,0,1,293,0,1,1,21,4
322,0,1,0,1,1,1,0,1,69,1,0,1,1,6500,0,1,268,0,1,2,6,4
323,0,1,0,2,0,0,1,0,180,0,1,0,0,13000,0,0,296,0,2,3,32,3
324,0,1,0,3,0,0,1,0,137,0,0,0,0,8000,0,1,297,0,2,3,9,4
325,1,0,0,2,0,1,1,1,22,1,0,1,1,2000,0,1,292,0,1,3,18,3
326,0,1,0,3,1,1,1,1,101,1,0,1,1,9000,0,1,318,0,1,2,25,3
327,0,1,0,1,0,0,1,0,110,0,0,0,0,9000,1,0,85,1,2,2,24,5
328,0,1,0,2,0,1,1,0,50,0,0,1,0,1800,0,1,274,0,1,2,6,3
329,0,1,0,2,0,0,1,0,50,0,1,0,0,2900,0,0,294,0,1,1,15,3
330,1,0,0,1,0,1,1,1,26,1,0,1,1,1650,0,1,292,0,1,3,6,4
331,1,0,0,3,0,1,1,1,16,1,0,1,1,1200,0,1,297,0,1,4,6,3
332,0,1,0,3,1,1,1,1,63,1,0,1,1,7800,0,1,295,0,1,1,22,4
333,0,1,0,1,0,1,1,0,20,1,0,1,1,2000,1,1,99,1,1,3,18,4
334,1,0,0,2,0,1,1,0,12,1,0,1,1,850,1,1,91,1,1,2,25,3
335,0,1,0,3,1,1,0,0,45,0,0,1,1,3500,0,1,267,0,1,1,26,4
336,0,1,0,2,0,1,1,0,65,1,0,1,1,3100,0,1,85,0,1,1,28,3
337,1,0,0,3,0,0,1,0,92,0,0,1,0,1800,0,1,135,0,1,4,11,4
338,1,0,0,2,1,1,1,1,26,1,0,1,1,2100,0,1,297,0,1,2,6,3
339,0,1,0,1,0,1,1,0,65,1,0,1,1,6800,1,1,85,1,1,2,6,4
340,1,0,0,2,1,1,0,1,16,1,0,1,1,800,0,1,292,0,1,2,6,3
341,0,1,0,2,1,1,1,0,56,1,0,1,1,4500,0,1,274,0,1,1,11,3
342,1,0,0,1,0,1,1,0,10,1,0,1,1,800,1,1,167,1,1,3,12,4
343,0,1,0,2,1,1,1,1,60,1,0,1,1,1300,0,1,318,0,1,2,18,3
344,0,1,0,1,0,0,1,0,68,0,1,0,0,5700,0,0,319,0,1,2,6,4
345,0,1,0,2,1,1,1,1,50,1,0,1,1,5100,0,1,295,0,1,1,14,3
346,1,0,0,3,0,0,0,1,25,1,0,1,1,2490,0,1,264,0,2,4,6,3
347,0,1,0,3,1,1,1,1,60,1,0,1,1,4000,0,1,322,0,1,1,21,3
348,1,0,0,3,0,1,1,0,15,1,0,1,1,1900,1,1,89,1,1,1,22,4
349,0,1,0,1,1,1,1,1,90,1,0,1,1,3500,0,1,294,0,1,2,27,3
350,1,0,0,1,0,0,1,0,157,0,0,1,1,1700,0,1,125,0,1,3,6,4
351,0,1,0,2,0,1,1,0,58,1,0,1,1,5300,1,1,147,1,1,2,18,3
352,1,0,0,1,0,1,0,1,15,1,0,1,1,1600,0,1,322,0,1,3,6,4
353,1,0,0,2,0,1,1,0,20,1,0,1,1,2199,0,1,267,0,2,3,6,3
354,1,0,0,2,0,1,1,0,10,1,0,1,1,800,1,1,83,1,1,3,17,3
355,0,1,0,1,0,0,1,0,88,0,0,0,0,8200,0,1,295,0,1,2,18,4
356,0,1,0,3,0,1,1,0,133,1,0,1,1,5300,1,1,85,1,2,3,6,4
357,0,1,0,3,1,1,1,1,70,1,0,1,1,3300,0,1,295,0,1,1,6,4
358,0,1,0,1,1,1,1,1,65,1,0,1,1,6300,0,1,296,0,1,2,22,3
359,1,0,0,3,0,1,1,0,15,1,0,1,1,2300,1,1,85,1,1,1,16,4
360,1,0,0,2,1,1,0,1,22,1,0,1,1,1600,0,1,319,0,1,3,6,3
361,0,1,0,2,1,1,1,1,65,1,0,1,1,4500,0,1,263,0,1,1,18,3
362,0,1,0,2,1,1,1,1,18,1,0,1,1,4200,0,1,317,0,1,2,12,3
363,0,1,0,2,1,1,1,1,60,1,0,1,1,3800,0,1,270,0,1,1,6,3
364,0,1,0,2,1,1,0,1,80,1,0,1,1,3800,0,1,297,0,1,2,13,3
365,0,1,0,1,0,1,1,0,60,1,0,1,1,6600,1,1,85,1,1,2,6,4
366,0,1,0,3,1,1,1,1,120,1,0,1,1,2900,0,1,279,0,2,3,6,3
367,0,1,0,3,1,1,1,1,74,1,0,1,1,3700,0,1,321,0,1,2,6,3
368,0,1,0,3,1,1,1,1,70,1,0,1,1,6000,0,1,292,0,1,3,6,4
369,0,1,0,2,1,1,1,1,116,1,0,1,1,2350,0,1,270,0,2,3,24,3
370,0,1,0,3,1,0,1,1,90,1,0,1,1,3000,0,1,267,0,1,3,6,4
371,1,0,0,1,1,1,1,1,20,1,0,1,1,2000,0,1,317,0,1,2,16,4
372,0,1,0,1,1,1,1,1,63,1,0,1,1,3800,0,1,265,0,1,1,15,4
373,0,1,0,2,1,1,1,1,68,1,0,1,1,5200,0,1,322,0,1,2,6,3
374,1,0,0,2,1,1,0,1,22,1,0,1,1,1800,0,1,294,0,2,3,29,3
375,0,1,0,2,1,1,1,1,70,1,0,1,1,4500,0,1,268,0,1,2,18,3
376,0,1,0,1,1,1,1,1,20,1,0,1,1,2450,0,1,317,0,1,1,30,3
377,0,1,0,1,1,1,1,1,68,1,0,1,1,5300,0,1,320,0,1,2,6,4
378,1,0,0,2,1,1,1,1,20,1,0,1,1,2100,0,1,322,0,1,3,11,3
379,0,1,0,2,0,1,1,0,75,1,0,1,1,6600,1,1,85,1,1,2,16,3
380,0,1,0,2,1,1,0,1,60,1,0,1,1,4700,0,1,269,0,1,2,6,3
381,1,0,0,2,0,1,1,0,12,1,0,1,1,800,1,1,90,1,1,2,12,3
382,0,1,0,2,1,1,1,1,91,1,0,1,1,4300,0,1,297,0,1,2,22,3
383,0,1,0,2,1,1,1,1,72,1,0,1,1,5800,0,1,321,0,1,2,24,3
384,1,0,0,2,1,1,1,1,16,1,0,1,1,1300,0,1,319,0,1,3,6,3
385,0,1,0,3,1,1,1,1,65,1,0,1,1,4500,0,1,319,0,1,2,6,4
386,1,0,0,2,1,1,1,1,20,1,0,1,1,2500,0,1,319,0,1,2,19,3
387,1,0,0,1,1,1,1,1,20,1,0,1,1,999,0,1,294,0,1,3,6,4
388,0,1,0,2,0,1,1,0,93,0,0,1,0,7800,0,1,322,0,1,2,18,3
389,0,1,0,1,1,1,1,1,74,1,0,1,1,5900,0,1,322,0,1,2,6,4
390,0,1,0,3,1,1,1,1,120,1,0,1,1,3500,0,1,319,0,2,3,6,4
391,0,1,0,1,1,1,0,1,70,1,0,1,1,5000,0,1,322,0,1,2,6,3
392,0,1,0,1,0,1,1,0,95,0,0,1,0,2000,0,0,268,0,1,2,6,3
393,1,0,0,2,1,1,0,1,26,1,0,1,1,2000,0,1,277,0,2,3,6,3
394,0,1,0,2,0,1,1,0,60,1,0,1,1,5888,1,1,104,1,1,1,23,3
395,0,1,0,3,0,0,1,0,96,0,0,0,0,9000,0,1,323,0,1,2,23,2
396,0,1,0,2,1,1,1,1,15,1,0,1,1,2000,0,1,297,0,1,1,6,3
397,0,1,0,3,0,1,1,0,130,1,0,1,1,14500,1,1,86,1,2,3,6,4
398,1,0,0,1,0,1,1,0,10,1,0,1,1,1830,1,1,85,1,1,3,15,4
399,0,1,0,2,1,1,1,1,96,1,0,1,1,3500,0,1,317,0,1,2,6,3
400,0,1,0,2,1,1,0,1,36,1,0,1,1,850,0,1,294,0,1,1,19,3
401,0,1,0,3,0,1,1,0,103,0,0,1,0,4000,0,0,320,0,1,2,6,2
402,0,1,0,2,1,1,1,1,70,1,0,1,1,4600,0,1,319,0,1,1,32,3
403,1,0,0,1,0,1,1,1,18,1,0,1,1,1700,0,1,322,0,2,2,24,4
404,0,1,0,2,1,1,1,1,36,1,0,1,1,2700,0,1,321,0,1,1,37,3
405,0,1,0,3,0,1,1,0,100,0,0,1,0,3500,0,1,85,0,1,2,6,5
406,1,0,0,1,1,1,1,1,120,1,0,1,1,1600,0,1,319,0,2,4,11,4
407,0,1,0,3,1,1,1,1,60,1,0,1,1,5999,0,1,297,0,1,2,6,4
408,0,1,0,2,1,1,1,1,90,1,0,1,1,6500,0,1,315,0,1,3,23,3
409,0,1,0,3,1,1,0,1,32,1,0,1,1,1100,0,1,263,0,1,1,6,4
410,0,1,0,3,0,0,1,0,80,0,0,0,0,3000,0,1,321,0,1,2,6,2
411,0,1,0,3,0,1,1,0,80,0,0,1,0,2400,0,0,280,0,1,2,6,2
412,0,1,0,1,1,1,1,1,35,1,0,1,1,2900,0,1,267,0,1,1,15,4
413,1,0,0,2,0,1,1,1,16,1,0,1,1,1300,0,1,318,0,1,3,25,3
414,0,1,0,3,0,0,1,0,78,0,1,0,0,2500,0,0,318,0,1,2,6,3
415,1,0,0,1,0,0,1,1,18,0,0,1,0,1200,0,1,319,0,1,2,6,4
416,0,1,0,2,1,1,1,1,117,1,0,1,1,4500,0,1,319,0,1,3,6,3
417,0,1,0,2,1,1,0,1,48,1,0,1,1,1050,0,1,295,0,1,1,20,3
418,0,1,0,3,1,1,1,1,105,1,0,1,1,5200,0,1,321,0,2,3,23,4
419,0,1,0,3,1,1,1,1,85,1,0,1,1,4300,0,1,319,0,1,2,28,4
420,0,1,0,2,1,1,1,1,148,1,0,1,1,4300,0,1,322,0,2,3,11,3
421,0,1,0,2,1,1,1,1,45,1,0,1,1,4500,0,1,277,0,1,1,18,3
422,0,1,0,1,1,1,1,1,90,1,0,1,1,5600,0,1,319,0,1,2,18,2
423,0,1,0,2,1,1,1,1,53,1,0,1,1,2300,0,1,267,0,1,1,7,3
424,1,0,0,1,1,1,1,1,20,1,0,1,1,1800,0,1,283,0,1,3,15,4
425,0,1,0,2,1,0,1,1,70,1,0,1,1,2900,0,1,320,0,1,2,6,3
426,1,0,0,2,1,1,0,1,20,1,0,1,1,500,0,1,280,0,2,3,6,3
427,0,1,0,1,1,1,0,0,30,1,0,1,0,2400,0,1,269,0,1,1,18,3
428,0,1,0,2,0,1,1,0,80,0,0,1,0,5000,0,0,318,0,1,2,18,3
429,1,0,0,1,0,1,1,1,18,1,0,1,1,1400,0,1,321,0,1,2,20,4
430,0,1,0,3,1,1,1,1,141,1,0,1,1,8500,0,1,321,0,2,3,8,4
431,0,1,0,2,1,1,1,1,70,1,0,1,1,5000,0,1,317,0,1,2,24,3
432,0,1,0,3,1,1,1,1,66,1,0,1,1,4700,0,1,318,0,1,2,6,4
433,0,1,0,2,1,1,1,1,83,1,0,1,1,2700,0,1,268,0,1,2,6,3
434,0,1,0,2,1,1,1,1,74,1,0,1,1,5600,0,1,321,0,1,2,6,3
435,0,1,0,2,1,1,1,1,124,1,0,1,1,3200,0,1,319,0,2,3,15,3
436,0,1,0,2,1,1,1,1,102,1,0,1,1,5600,0,1,268,0,1,2,21,3
437,0,1,0,2,1,1,1,1,65,1,0,1,1,6000,0,1,321,0,1,2,17,3
438,0,1,0,2,0,0,1,0,80,0,1,0,0,14500,0,0,322,0,1,2,22,3
439,1,0,0,1,0,1,1,0,18,1,0,1,1,800,1,1,85,0,1,3,21,4
440,0,1,0,2,0,1,1,0,38,1,0,1,1,2200,1,1,85,1,1,1,14,3
441,1,0,0,2,0,1,1,0,17,1,0,1,1,1500,1,1,84,1,1,3,6,3
442,0,1,0,2,0,0,1,0,65,0,1,0,0,6800,0,0,293,0,1,2,6,3
443,1,0,0,3,0,1,0,1,20,1,0,1,1,800,0,1,236,1,1,3,18,4
444,1,0,0,2,0,1,1,0,25,1,0,1,1,2800,1,1,85,1,2,3,26,3
445,0,1,0,3,1,1,1,1,110,1,0,1,1,3500,0,1,316,0,1,3,6,3
446,1,0,0,2,0,1,1,0,18,1,0,1,1,2700,1,1,128,1,1,3,27,3
447,1,0,0,3,0,0,1,0,29,0,1,0,0,2500,0,0,322,0,1,3,6,4
448,0,1,0,1,0,0,1,0,85,0,0,1,0,7500,1,1,85,1,1,2,16,4
449,0,1,0,1,0,1,1,0,15,1,0,1,1,1800,1,1,85,1,1,2,6,4
450,0,1,0,2,1,1,1,1,150,1,0,1,1,15000,0,1,322,0,2,3,15,3
451,0,1,0,1,0,1,1,0,78,1,0,1,1,4600,1,1,85,1,1,2,6,4
452,1,0,0,2,1,1,1,1,15,1,0,1,1,1900,0,1,322,0,1,3,6,3
453,0,1,0,3,0,1,1,0,68,1,0,1,1,7000,1,1,85,1,1,2,18,4
454,0,1,0,2,0,0,1,0,85,0,1,0,0,6000,0,0,320,0,1,1,28,3
455,1,0,0,2,0,1,1,0,20,1,0,1,1,1600,0,1,298,0,1,3,12,3
456,0,1,0,2,0,1,1,0,87,1,0,1,1,1900,1,1,85,1,1,2,28,3
457,1,0,0,2,0,1,1,0,23,1,0,1,1,2000,1,1,85,1,2,3,6,3
458,1,0,0,2,1,1,1,1,20,1,0,1,1,1600,0,1,322,0,1,3,12,3
459,0,1,0,1,0,1,1,0,90,0,0,1,0,5500,0,1,321,0,1,3,6,3
460,0,1,0,2,1,1,1,1,50,1,0,1,1,3800,0,1,298,0,1,1,6,3
461,1,0,0,3,1,1,1,1,32,1,0,1,1,2800,0,1,269,0,2,3,25,4
462,1,0,0,1,1,1,1,1,20,1,0,1,1,2000,0,1,292,0,1,2,30,4
463,0,1,0,1,1,1,0,1,130,1,0,1,1,6800,0,1,265,0,2,3,18,4
464,0,1,0,2,1,1,0,1,50,1,0,1,1,1600,0,1,296,0,1,1,28,3
465,0,1,0,2,1,1,1,1,120,1,0,1,1,5800,0,1,318,0,1,2,22,3
466,0,1,0,3,1,1,0,1,45,1,0,1,1,1600,0,1,316,0,1,1,16,4
467,0,1,0,2,0,1,1,1,70,1,0,1,1,5200,0,1,265,0,1,2,16,3
468,0,1,0,1,1,1,1,1,65,1,0,1,1,3400,0,1,292,0,1,1,21,4
469,0,1,0,3,1,1,1,1,25,1,0,1,1,2200,0,1,299,0,1,2,6,4
470,0,1,0,1,1,1,0,1,50,1,0,1,1,800,0,1,277,0,1,1,18,4
471,1,0,0,1,1,1,1,1,26,1,0,1,1,1100,0,1,265,0,2,3,12,4
472,0,1,0,1,0,1,1,0,61,0,0,1,0,2000,0,1,321,0,1,1,7,2
473,1,0,0,1,1,1,1,1,20,1,0,1,1,1600,0,1,298,0,1,3,16,4
474,0,1,0,1,1,1,1,1,85,1,0,1,1,2500,0,1,297,0,1,3,6,3
475,1,0,0,3,1,1,1,1,18,1,0,1,1,1800,0,1,318,0,1,2,21,3
476,1,0,0,2,1,1,1,1,18,1,0,1,1,1500,0,1,276,0,1,2,28,3
477,0,1,0,2,0,0,1,0,70,0,1,0,0,4700,0,0,320,0,1,2,6,3
478,0,1,0,1,1,1,1,1,37,1,0,1,1,4000,0,1,322,0,1,1,6,4
479,0,1,0,1,1,1,1,1,47,1,0,1,1,3500,0,1,320,0,1,1,23,4
480,0,1,0,2,0,1,1,0,45,1,0,1,1,3900,1,1,85,1,1,1,6,3
481,1,0,0,2,0,1,1,0,20,0,0,1,0,1200,0,1,316,0,1,3,30,3
482,0,1,0,2,1,1,1,1,65,1,0,1,1,6000,0,1,319,0,1,2,6,3
483,0,1,0,1,1,1,1,1,68,1,0,1,1,4800,0,1,292,0,1,2,6,4
484,0,1,0,2,1,1,1,1,38,1,0,1,1,3800,0,1,320,0,1,1,31,3
485,0,1,0,2,1,1,1,1,41,1,0,1,1,3799,0,1,297,0,1,1,9,3
486,1,0,0,1,1,1,1,1,16,1,0,1,1,950,0,1,292,0,1,3,6,4
487,1,0,0,2,0,1,0,1,20,1,0,1,1,1800,0,1,294,0,2,3,15,3
488,1,0,0,2,1,1,1,1,20,1,0,1,1,2000,0,1,280,0,1,3,20,3
489,0,1,0,3,0,0,0,1,102,0,0,0,0,3800,0,0,320,0,1,2,6,3
490,1,0,0,1,0,0,0,1,10,0,0,1,1,2200,0,1,268,0,1,3,18,4
491,0,1,0,2,1,1,1,1,86,1,0,1,1,6000,0,1,316,0,1,3,18,3
492,0,1,0,1,1,1,1,1,80,1,0,1,1,4000,0,1,319,0,1,2,6,4
493,0,1,0,2,1,1,0,1,50,1,0,1,1,1500,0,1,292,0,1,1,12,3
494,0,1,0,3,1,1,0,1,126,1,0,1,1,3500,0,1,269,0,2,3,6,4
495,0,1,0,2,1,1,0,1,42,1,0,1,1,1130,0,1,319,0,1,1,18,3
496,1,0,0,2,0,1,1,1,16,1,0,1,1,1500,0,1,299,0,1,3,23,3
497,0,1,0,2,1,1,0,1,31,1,0,1,1,1900,0,1,316,0,1,1,28,3
498,0,1,0,1,1,1,0,1,70,1,0,1,1,4600,0,1,319,0,1,1,10,4
499,1,0,0,2,1,1,1,1,18,1,0,1,1,1400,0,1,318,0,1,2,6,3
500,0,1,0,2,1,1,1,1,118,1,0,1,1,4200,0,1,297,0,2,2,11,3
501,1,0,0,1,1,1,1,1,14,1,0,1,1,650,0,1,269,0,1,4,18,3
502,1,0,0,2,0,0,1,0,17,0,1,0,0,2000,0,0,293,0,1,3,6,3
503,0,1,0,2,1,1,1,1,110,1,0,1,1,8000,0,1,293,0,1,3,27,3
504,1,0,0,1,0,1,1,0,25,1,0,1,1,1660,1,1,85,1,2,3,6,4
505,0,1,0,2,1,1,1,1,90,1,0,1,1,4300,0,1,318,0,1,2,28,3
506,0,1,0,2,1,1,1,1,50,1,0,1,1,4500,0,1,263,0,1,1,6,3
507,1,0,0,3,1,1,1,1,25,1,0,1,1,2000,0,1,297,0,1,3,25,4
508,0,1,0,2,1,1,0,1,88,1,0,1,1,3100,0,1,318,0,1,2,16,3
509,0,1,0,1,0,1,1,0,37,1,0,1,1,4000,1,1,85,1,1,1,6,4
510,0,1,0,3,1,1,1,1,35,1,0,1,1,3500,0,1,269,0,1,1,9,4
511,0,1,0,2,1,0,1,1,40,1,0,1,1,1200,0,1,269,0,1,1,6,3
512,1,0,0,2,0,1,1,1,26,1,0,1,1,2000,0,1,292,0,1,4,7,3
513,1,0,0,1,0,1,1,1,26,1,0,1,1,2000,0,1,292,0,2,3,24,4
514,1,0,0,2,1,1,1,1,15,1,0,1,1,1300,0,1,322,0,1,3,32,3
515,0,1,0,1,0,1,1,0,60,0,0,1,0,6000,0,1,277,0,1,1,15,4
516,0,1,0,2,1,1,1,1,70,1,0,1,1,2800,0,1,319,0,1,2,6,3
517,1,0,0,2,0,1,1,0,20,1,0,1,1,1900,1,1,85,1,1,3,6,3
518,1,0,0,2,0,1,1,0,20,1,0,1,1,1850,1,1,85,1,1,3,6,3
519,0,1,0,1,1,1,1,1,55,1,0,1,1,1400,0,1,292,0,1,1,28,4
520,0,1,0,2,1,1,1,1,80,1,0,1,1,3900,0,1,319,0,1,2,25,3
521,1,0,0,2,1,1,1,1,19,1,0,1,1,1350,0,1,320,0,1,1,13,3
522,0,1,0,2,1,1,1,1,180,1,0,1,1,18000,0,1,322,0,2,3,18,3
523,0,1,0,3,1,1,1,1,93,1,0,1,1,3000,0,1,268,0,1,2,11,4
524,1,0,0,2,1,1,1,1,16,1,0,1,1,1300,0,1,321,0,1,3,6,3
525,1,0,0,1,1,1,0,1,26,1,0,1,1,2300,0,1,320,0,2,4,15,4
526,0,1,0,2,1,1,1,1,97,1,0,1,1,3100,0,1,321,0,1,3,6,3
527,0,1,0,2,1,1,0,1,52,1,0,1,1,2700,0,1,264,0,1,2,6,3
528,0,1,0,2,1,1,0,1,50,1,0,1,1,5500,0,1,321,0,1,1,6,3
529,0,1,0,2,1,1,1,1,55,1,0,1,1,3200,0,1,268,0,1,1,29,3
530,0,1,0,1,1,1,1,1,85,1,0,1,1,7500,0,1,317,0,1,3,6,3
531,0,1,0,3,1,1,1,1,60,1,0,1,1,6000,0,1,263,0,1,1,16,4
532,0,1,0,3,0,1,1,0,55,0,0,1,0,3900,0,1,320,0,1,1,18,4
533,0,1,0,1,1,1,1,1,125,1,0,1,1,5900,0,1,265,0,2,4,6,4
534,1,0,0,1,1,1,1,1,16,1,0,1,1,900,0,1,322,0,1,3,6,4
535,1,0,0,2,1,1,1,1,25,1,0,1,1,2500,0,1,318,0,1,3,24,3
536,0,1,0,2,0,1,1,0,80,1,0,1,1,4200,1,1,100,1,1,2,14,3
537,0,1,0,1,1,1,1,1,68,1,0,1,1,3800,0,1,297,0,1,2,6,4
538,1,0,0,1,1,1,1,1,16,1,0,1,1,500,0,1,319,0,2,3,25,4
539,0,1,0,2,0,0,1,0,90,0,0,1,0,3000,0,0,319,0,1,2,11,3
540,0,1,0,3,1,1,1,1,60,1,0,1,1,5400,0,1,323,0,1,2,6,4
541,1,0,0,1,1,1,0,1,16,1,0,1,1,1600,0,1,318,0,2,3,18,4
542,0,1,0,2,1,1,1,1,133,1,0,1,1,9000,0,1,320,0,2,3,24,3
543,0,1,0,2,1,1,1,1,90,1,0,1,1,6500,0,1,322,0,1,2,25,3
544,0,1,0,1,1,1,1,1,45,1,0,1,1,1900,0,1,319,0,1,1,6,4
545,0,1,0,1,1,1,1,1,53,1,0,1,1,2900,0,1,269,0,1,2,6,3
546,0,1,0,2,0,1,1,0,101,1,0,1,1,12000,1,1,85,1,2,1,16,3
547,0,1,0,1,0,1,1,0,65,0,0,1,0,4200,0,1,323,0,1,2,6,2
548,1,0,0,2,1,1,1,1,25,1,0,1,1,1900,0,1,298,0,2,3,6,3
549,0,1,0,2,1,1,1,1,55,1,0,1,1,2300,0,1,320,0,1,1,6,3
550,0,1,0,1,1,1,1,1,55,1,0,1,1,4500,0,1,320,0,1,1,6,4
551,0,1,0,3,1,1,0,1,103,1,0,1,1,3300,0,1,269,0,1,2,10,3
552,1,0,0,2,1,1,1,1,24,1,0,1,1,1800,0,1,316,0,1,3,27,3
553,0,1,0,3,0,1,1,1,87,1,0,1,1,7500,0,1,222,1,1,2,28,2
554,1,0,0,2,0,0,1,0,25,0,1,0,0,2200,0,0,293,0,1,2,21,3
555,0,1,0,2,0,1,1,0,128,0,0,1,0,8300,0,1,299,0,2,3,6,3
556,0,1,0,1,1,0,1,1,56,0,0,0,0,2500,0,0,316,0,1,1,11,2
557,0,1,0,1,1,1,1,1,85,1,0,1,1,7200,0,1,323,0,1,2,28,4
558,0,1,0,3,1,1,1,1,69,1,0,1,1,4100,0,1,322,0,1,2,6,4
559,0,1,0,3,1,1,1,1,60,1,0,1,1,3100,0,1,321,0,1,1,24,4
560,1,0,0,1,1,1,1,1,12,1,0,1,1,900,0,1,298,0,1,3,26,3
561,0,1,0,3,1,1,1,1,45,1,0,1,1,2800,0,1,267,0,1,1,22,5
562,0,1,0,3,0,1,1,0,80,0,0,1,0,7800,0,1,267,0,1,2,23,4
563,0,1,0,1,1,1,1,1,89,1,0,1,1,3600,0,1,317,0,1,2,15,4
564,0,1,0,2,1,1,1,1,112,1,0,1,1,1700,0,1,296,0,1,2,24,3
565,0,1,0,1,1,1,0,1,82,1,0,1,1,3200,0,1,263,0,1,2,6,4
566,1,0,0,3,1,1,1,1,25,1,0,1,1,2000,0,1,264,0,1,3,7,4
567,0,1,0,1,1,1,1,1,90,1,0,1,1,3500,0,1,297,0,2,2,13,4
568,1,0,0,2,1,1,1,1,15,1,0,1,1,450,0,1,297,0,2,3,12,3
569,1,0,0,3,0,1,1,0,24,1,0,1,1,2400,1,1,85,1,1,3,16,4
570,0,1,0,2,1,1,1,1,50,1,0,1,1,3500,0,1,321,0,1,1,6,3
571,0,1,0,2,1,1,1,1,93,1,0,1,1,6100,0,1,318,0,1,3,19,3
572,0,1,0,3,0,1,1,0,46,0,0,1,0,2200,0,1,316,0,1,1,19,2
573,0,1,0,2,1,1,0,1,45,1,0,1,1,800,0,1,321,0,1,1,17,3
574,0,1,0,2,1,1,0,1,54,1,0,1,1,2900,0,1,277,0,1,1,13,3
575,1,0,0,1,1,1,1,1,15,1,0,1,1,1100,0,1,322,0,1,3,21,4
576,0,1,0,2,1,1,1,1,110,1,0,1,1,9000,0,1,270,0,2,2,18,3
577,1,0,0,1,1,1,1,1,25,1,0,1,1,1400,0,1,318,0,1,1,6,4
578,0,1,0,3,0,0,1,0,78,0,1,0,0,3200,0,0,280,0,1,1,13,4
579,0,1,0,3,0,1,1,1,48,1,0,1,1,4700,0,0,241,1,1,1,22,4
580,0,1,0,3,0,1,1,0,35,0,0,1,0,1900,0,1,316,0,1,1,6,3
581,1,0,0,1,0,1,1,0,30,0,0,1,0,3600,0,1,85,0,1,1,18,5
582,1,0,0,1,1,1,1,1,20,1,0,1,1,1999,0,1,320,0,1,3,25,4
583,1,0,0,3,0,0,1,0,18,0,0,1,1,1300,0,1,320,0,1,3,27,4
584,0,1,0,1,1,1,1,1,90,1,0,1,1,3300,0,1,320,0,1,2,6,4
585,0,1,0,3,1,0,1,1,55,0,0,1,0,5000,0,1,292,0,1,1,24,4
586,0,1,0,1,1,1,1,1,50,1,0,1,1,6000,0,1,267,0,1,1,19,4
587,0,1,0,3,1,1,1,1,35,1,0,1,1,3500,0,1,322,0,1,1,6,4
588,0,1,0,2,1,1,0,1,110,1,0,1,1,5000,0,1,279,0,1,3,11,3
589,0,1,0,2,1,1,1,1,99,1,0,1,1,7800,0,1,322,0,1,2,28,3
590,1,0,0,2,0,1,1,0,20,1,0,1,1,1500,0,1,265,0,1,3,6,3
591,0,1,0,3,1,1,1,1,100,1,0,1,1,6000,0,1,293,0,2,2,19,4
592,1,0,0,2,0,1,1,1,25,1,0,1,1,2400,0,1,263,0,1,2,28,3
593,0,1,0,1,0,1,1,0,80,0,0,1,0,4500,0,1,317,0,1,2,18,4
594,0,1,0,3,0,1,1,0,90,0,0,1,0,3700,0,1,316,0,1,2,18,4
595,0,1,0,3,1,1,1,1,70,1,0,1,1,3000,0,1,319,0,1,2,6,3
596,1,0,0,2,0,0,1,0,22,0,0,1,0,2160,0,1,320,0,1,3,18,3
597,0,1,0,3,1,1,1,1,44,1,0,1,1,4700,0,1,292,0,1,1,6,2
598,0,1,0,1,1,1,1,1,53,1,0,1,1,4900,0,1,296,0,1,1,18,4
599,0,1,0,2,0,1,1,0,55,0,0,1,0,4000,0,1,322,0,1,2,8,3
600,0,1,0,2,1,1,1,1,55,1,0,1,1,4600,0,1,316,0,1,1,6,3
601,1,0,0,3,0,1,1,0,30,1,0,1,1,2100,1,1,84,1,2,3,6,4
602,1,0,0,1,0,1,0,1,20,0,0,1,1,2200,0,1,263,0,1,2,29,4
603,1,0,0,1,1,1,1,1,25,1,0,1,1,1900,0,1,323,0,1,3,6,4
604,0,1,0,2,1,1,0,1,40,1,0,1,1,1800,0,1,278,0,1,1,28,3
605,1,0,0,2,1,1,1,1,18,1,0,1,1,1650,0,1,298,0,1,3,25,3
606,0,1,0,2,1,1,1,1,65,1,0,1,1,5500,0,1,295,0,1,2,6,3
607,0,1,0,2,1,1,1,1,118,1,0,1,1,11800,0,1,295,0,2,2,16,3
608,0,1,0,2,1,1,1,1,42,1,0,1,1,3500,0,1,315,0,1,1,6,3
609,0,1,0,1,1,1,1,1,80,1,0,1,1,7500,0,1,317,0,1,3,6,3
610,0,1,0,2,1,1,1,1,110,1,0,1,1,4500,0,1,320,0,1,3,26,3
611,1,0,0,3,1,1,1,1,136,1,0,1,1,1300,0,1,298,0,1,3,6,4
612,0,1,0,3,1,1,1,1,85,1,0,1,1,17000,0,1,294,0,1,2,6,4
613,0,1,0,2,1,1,1,1,45,1,0,1,1,4100,0,1,320,0,1,1,6,3
614,0,1,0,2,1,1,1,1,52,1,0,1,1,1300,0,1,296,0,1,1,32,3
615,1,0,0,2,1,1,1,1,30,1,0,1,1,1500,0,1,316,0,1,3,6,3
616,0,1,0,2,0,1,1,0,80,0,0,1,0,2700,0,1,318,0,1,2,6,3
617,1,0,0,1,0,1,1,1,17,1,0,1,1,900,0,1,321,0,1,2,20,4
618,1,0,0,3,0,1,1,0,72,1,0,1,1,1800,1,1,85,1,1,3,6,4
619,0,1,0,2,1,0,1,1,70,0,0,1,0,3300,0,1,263,0,1,1,6,3
620,0,1,0,1,1,1,1,1,65,1,0,1,1,2900,0,1,263,0,1,1,28,4
621,0,1,0,1,1,1,1,1,100,1,0,1,1,7000,0,1,282,0,1,3,6,4
622,0,1,0,2,1,0,1,1,83,0,0,0,0,2700,0,0,319,0,2,2,15,3
623,0,1,0,2,0,1,1,0,60,1,0,1,1,5300,1,1,85,1,1,1,6,3
624,1,0,0,2,1,1,1,1,19,1,0,1,1,800,0,1,320,0,1,3,6,3
625,0,1,0,1,1,1,1,1,65,1,0,1,1,3500,0,1,320,0,1,2,6,3
626,0,1,0,1,0,0,1,0,61,0,1,0,0,1400,0,0,281,0,1,1,6,4
627,1,0,0,2,1,1,1,1,20,1,0,1,1,1600,0,1,321,0,1,3,6,3
628,1,0,0,1,0,1,1,0,14,1,0,1,1,1500,0,1,263,0,1,3,21,4
629,1,0,0,1,1,1,1,1,25,1,0,1,1,1850,0,1,296,0,1,1,22,4
630,0,1,0,2,1,1,1,1,65,1,0,1,1,5700,0,1,320,0,1,2,6,3
631,0,1,0,3,1,1,1,1,112,1,0,1,1,14000,0,1,319,0,1,3,18,4
632,0,1,0,2,0,0,1,0,80,0,1,0,0,13500,0,0,268,0,1,1,25,3
633,0,1,0,2,0,0,1,0,76,0,0,0,0,6300,0,1,319,0,1,1,13,3
634,0,1,0,3,1,1,1,1,117,1,0,1,1,12000,0,1,318,0,2,2,29,4
635,0,1,0,3,1,1,1,1,89,0,0,1,0,6000,0,1,321,0,1,3,27,4
636,0,1,0,3,0,1,0,1,10,1,0,1,1,550,0,1,268,0,1,2,6,3
637,0,1,0,2,0,1,1,0,65,0,0,1,0,5800,0,1,323,0,1,2,6,3
638,0,1,0,2,0,1,1,0,40,1,0,1,1,3000,1,1,85,1,1,1,6,3
639,1,0,0,2,1,1,1,1,24,1,0,1,1,1800,0,1,269,0,1,3,20,3
640,0,1,0,2,1,1,1,1,60,0,0,1,0,3900,0,1,277,0,1,1,28,3
641,1,0,0,2,0,1,1,0,26,0,0,1,0,2366,0,1,320,0,1,3,12,3
642,0,1,0,2,1,1,1,1,45,1,0,1,1,4600,0,1,323,0,1,2,6,3
643,0,1,0,3,1,1,1,1,240,1,0,1,1,22000,0,1,317,0,2,4,27,4
644,1,0,0,2,1,1,1,1,22,1,0,1,1,2000,0,1,318,0,2,4,25,3
645,0,1,0,2,0,0,1,0,120,0,1,0,0,11500,0,0,320,0,1,3,6,3
646,0,1,0,1,1,1,1,1,56,1,0,1,1,4500,0,1,315,0,1,2,6,4
647,0,1,0,3,1,0,0,1,50,1,0,1,1,5800,0,1,265,0,1,1,6,4
648,0,1,0,2,0,0,1,0,65,0,0,1,0,4000,0,1,317,0,1,2,6,3
649,1,0,0,2,1,1,1,1,24,1,0,1,1,2200,0,1,320,0,1,3,24,3
650,1,0,0,2,0,0,1,0,13,0,1,0,0,980,0,0,322,0,1,3,12,3
651,0,1,0,3,0,0,1,0,49,0,0,0,0,8500,0,1,292,0,1,2,6,4
652,0,1,0,3,0,1,1,0,50,0,0,1,0,5000,0,1,296,0,1,2,28,3
653,0,1,0,2,1,0,1,1,190,0,0,1,0,16000,0,0,322,0,2,3,32,3
654,0,1,0,3,0,0,1,0,77,0,0,0,0,7500,0,1,322,0,2,2,6,2
655,0,1,0,3,0,1,1,0,90,0,0,1,0,4300,0,1,322,0,1,2,11,4
656,0,1,0,3,1,1,1,1,60,1,0,1,1,4800,0,1,320,0,1,1,10,4
657,0,1,0,2,1,1,1,0,148,1,0,1,1,12300,0,1,316,0,2,3,21,3
658,1,0,0,3,0,0,1,1,13,0,0,1,1,800,0,1,317,0,1,2,6,2
659,0,1,0,2,1,1,1,1,95,1,0,1,1,4600,0,1,321,0,1,2,6,3
660,0,1,0,1,1,1,1,1,80,1,0,1,1,4900,0,1,322,0,1,2,6,4
661,0,1,0,3,1,1,1,1,166,1,0,1,1,9000,0,1,282,0,3,3,16,4
662,1,0,0,1,0,1,1,1,25,1,0,1,1,1600,0,1,241,1,1,2,6,4
663,0,1,0,2,1,1,1,1,96,1,0,1,1,7200,0,1,320,0,1,3,12,3
664,0,1,0,1,1,1,1,1,40,1,0,1,1,2700,0,1,316,0,1,1,6,4
665,0,1,0,2,1,1,1,1,110,1,0,1,1,5300,0,1,316,0,1,3,6,3
666,0,1,0,1,1,0,1,1,65,0,0,1,0,4500,0,1,323,0,1,2,6,3
667,0,1,0,2,0,0,1,0,56,0,0,1,0,2000,0,1,321,0,1,1,15,3
668,0,1,0,1,0,1,1,1,86,1,0,1,1,6500,0,1,319,0,1,3,16,4
669,1,0,0,2,1,0,1,0,19,0,0,1,1,1990,0,1,316,0,1,3,24,3
670,1,0,0,2,1,1,1,1,15,1,0,1,1,1490,0,1,316,0,1,3,28,3
671,0,1,0,2,1,1,1,1,55,1,0,1,1,5200,0,1,322,0,1,1,6,3
672,0,1,0,2,0,1,1,0,46,0,0,1,0,5000,0,1,321,0,1,1,17,3
673,1,0,0,1,1,1,1,1,18,1,0,1,1,1750,0,1,321,0,1,3,26,4
674,1,0,0,3,0,0,0,0,10,0,0,1,1,800,0,1,296,0,1,3,7,4
675,0,1,0,3,1,0,1,1,18,0,0,1,1,1900,0,1,319,0,1,1,22,4
676,1,0,0,2,0,1,1,1,11,1,0,1,1,2080,0,1,322,0,1,4,8,3
677,0,1,0,2,1,1,1,1,58,1,0,1,1,2300,0,1,321,0,1,1,9,3
678,0,1,0,2,1,1,1,1,18,1,0,1,1,2000,0,1,318,0,1,1,21,3
679,1,0,0,3,1,1,0,1,30,0,0,1,1,2700,0,1,322,0,1,2,6,4
680,0,1,0,2,1,1,1,1,28,1,0,1,1,2400,0,1,319,0,1,1,26,3
681,1,0,0,2,1,1,1,1,20,1,0,1,1,1800,0,1,320,0,1,3,28,3
682,0,1,0,3,1,0,1,1,90,0,0,0,0,3700,0,0,320,0,1,2,18,4
683,0,1,0,1,1,1,1,1,90,1,0,1,1,5800,0,1,318,0,1,2,6,4
684,0,1,0,2,1,1,1,1,88,1,0,1,1,2800,0,1,320,0,1,2,14,3
685,0,1,0,2,0,1,1,0,185,0,0,1,0,13000,0,1,263,0,2,4,18,3
686,0,1,0,3,1,0,1,1,99,0,0,0,0,2500,0,0,319,0,1,2,6,2
687,1,0,0,1,1,1,1,1,80,1,0,1,1,3500,0,1,296,0,1,2,6,4
688,0,1,0,1,1,1,1,1,65,1,0,1,1,4500,0,1,320,0,1,2,6,4
689,0,1,0,2,0,1,1,0,98,0,0,1,0,2800,0,1,280,0,1,2,19,3
690,0,1,0,3,1,1,1,1,47,1,0,1,1,4300,0,1,282,0,1,1,9,4
691,0,1,0,1,1,1,1,1,80,1,0,1,1,5500,0,1,263,0,2,2,6,4
692,0,1,0,2,1,1,1,1,48,1,0,1,1,4500,0,1,319,0,1,1,18,3
693,1,0,0,2,1,1,1,1,13,1,0,1,1,1000,0,1,297,0,1,3,6,3
694,1,0,0,1,1,1,1,1,25,1,0,1,1,2080,0,1,293,0,1,3,6,4
695,0,1,0,2,1,1,1,1,104,1,0,1,1,8500,0,1,320,0,1,3,6,3
696,1,0,0,2,0,1,1,1,26,1,0,1,1,950,0,1,239,1,1,2,6,3
697,0,1,0,1,1,1,0,0,42,1,0,1,1,6800,0,1,319,0,1,1,21,4
698,0,1,0,1,1,1,1,1,139,1,0,1,1,12000,0,1,297,0,2,3,28,4
699,0,1,0,2,1,0,1,1,87,0,0,0,0,3000,0,0,264,0,1,2,6,3
700,0,1,0,2,1,1,1,1,33,1,0,1,1,3080,0,1,322,0,1,1,7,3
701,0,1,0,2,1,1,1,1,90,1,0,1,1,5800,0,1,322,0,1,3,6,3
702,0,1,0,1,1,1,0,1,75,0,0,1,1,5800,0,1,265,0,1,3,6,2
703,1,0,0,2,1,1,1,1,20,1,0,1,1,1700,0,1,319,0,1,3,20,3
704,0,1,0,2,1,1,1,1,90,1,0,1,1,6800,0,1,297,0,1,2,24,3
705,1,0,0,2,0,1,1,0,23,1,0,1,1,1750,0,1,321,0,1,3,6,3
706,1,0,0,1,1,1,0,1,18,1,0,1,1,2500,0,1,319,0,1,2,6,3
707,0,1,0,2,1,1,1,1,62,1,0,1,1,2900,0,1,318,0,1,2,6,3
708,0,1,0,3,1,1,1,1,60,1,0,1,1,4500,0,1,264,0,1,2,11,4
709,0,1,0,2,1,1,0,1,65,1,0,1,1,7000,0,1,266,0,1,1,22,3
710,0,1,0,1,1,1,1,1,100,1,0,1,1,6300,0,1,321,0,1,3,6,3
711,1,0,0,3,1,1,1,1,14,1,0,1,1,1050,0,1,319,0,1,3,6,4
712,0,1,0,2,0,0,1,0,75,1,0,1,1,2600,0,1,322,0,1,2,16,3
713,0,1,0,3,1,1,1,1,50,1,0,1,1,3700,0,1,298,0,1,1,6,3
714,1,0,0,1,0,1,1,0,15,1,0,1,1,1399,0,1,322,0,1,3,15,3
715,0,1,0,3,0,0,1,0,87,0,0,0,0,2800,0,1,295,0,1,2,6,2
716,0,1,0,3,0,1,1,0,78,0,0,1,0,7000,0,1,268,0,1,3,6,4
717,0,1,0,3,0,0,1,0,60,0,0,1,0,3500,0,1,268,0,1,2,6,4
718,0,1,0,1,1,1,1,1,106,1,0,1,1,7500,0,1,296,0,2,3,28,4
719,0,1,0,1,0,0,1,0,108,0,0,0,0,13500,0,1,267,0,1,2,21,4
720,1,0,0,3,1,1,1,1,25,1,0,1,1,2500,0,1,323,0,1,2,6,4
721,0,1,0,2,0,0,1,0,85,0,1,0,0,11500,0,0,267,0,1,1,23,3
722,1,0,0,3,1,1,0,1,25,1,0,1,1,2300,0,1,320,0,2,3,26,4
723,0,1,0,3,1,1,1,1,53,1,0,1,1,1300,0,1,292,0,1,1,18,3
724,0,1,0,3,0,1,1,0,115,0,0,1,0,7000,0,1,294,0,1,2,25,4
725,0,1,0,1,0,0,1,0,170,0,1,0,0,12000,0,0,264,0,2,5,6,3
726,0,1,0,3,1,1,1,1,128,1,0,1,1,11500,0,1,280,0,2,3,10,4
727,0,1,0,2,1,1,1,1,20,1,0,1,1,1900,0,1,320,0,1,1,25,3
728,1,0,0,2,1,1,1,1,25,1,0,1,1,2600,0,1,319,0,1,3,27,3
729,0,1,0,3,1,1,1,1,56,1,0,1,1,7090,0,1,322,0,1,2,6,4
730,1,0,0,2,1,1,1,1,24,1,0,1,1,1700,0,1,322,0,1,3,17,3
731,0,1,0,2,1,1,1,1,80,1,0,1,1,2800,0,1,293,0,1,2,29,3
732,0,1,0,2,1,1,1,1,65,1,0,1,1,5200,0,1,293,0,1,2,6,3
733,0,1,0,3,0,1,1,0,155,0,0,1,0,14000,0,1,276,0,2,3,26,2
734,0,1,0,2,1,1,1,1,51,1,0,1,1,4200,0,1,294,0,1,1,6,3
735,0,1,0,3,1,1,1,1,115,1,0,1,1,7000,0,1,292,0,1,3,34,5
736,1,0,0,2,1,1,0,1,12,1,0,1,1,1020,0,1,269,0,1,3,22,3
737,0,1,0,1,1,1,1,1,62,1,0,1,1,3900,0,1,318,0,1,2,6,4
738,0,1,0,2,0,0,1,0,75,0,0,0,0,7300,0,1,318,0,1,1,22,3
739,0,1,0,1,0,1,1,0,105,0,0,1,0,4300,0,1,270,0,1,2,6,4
740,0,1,0,3,1,1,1,1,89,1,0,1,1,2500,0,1,319,0,1,2,6,4
741,1,0,0,2,1,1,1,1,15,1,0,1,1,1350,0,1,296,0,1,3,6,3
742,0,1,0,2,1,1,1,1,89,1,0,1,1,8000,0,1,322,0,1,2,24,3
743,1,0,0,2,1,1,1,1,30,1,0,1,1,2800,0,1,319,0,2,4,25,3
744,1,0,0,2,1,1,0,1,32,1,0,1,1,2000,0,1,280,0,1,3,10,3
745,0,1,0,1,1,1,1,1,65,1,0,1,1,6100,0,1,322,0,1,1,22,4
746,0,1,0,1,1,1,1,1,120,1,0,1,1,12500,0,1,293,0,1,3,19,4
747,1,0,0,2,0,1,1,0,17,1,0,1,1,1499,0,1,321,0,1,3,6,3
748,0,1,0,2,1,1,1,1,45,1,0,1,1,5000,0,1,279,0,1,1,6,3
749,0,1,0,2,1,1,1,1,67,1,0,1,1,5500,0,1,321,0,1,2,9,3
750,0,1,0,1,0,1,1,0,70,0,0,1,0,6000,0,1,297,0,1,1,21,4
751,0,1,0,3,0,1,1,0,110,0,0,1,0,7000,0,1,320,0,1,2,42,2
752,0,1,0,1,1,1,1,1,162,1,0,1,1,8000,0,1,267,0,1,2,9,3
753,1,0,0,3,1,1,1,1,30,1,0,1,1,2800,0,1,295,0,1,1,9,4
754,0,1,0,3,1,1,1,1,93,1,0,1,1,1800,0,1,315,0,1,2,6,4
755,0,1,0,2,1,1,1,1,62,1,0,1,1,5200,0,1,293,0,1,2,6,3
756,1,0,0,1,1,1,1,1,15,1,0,1,1,700,0,1,280,0,2,3,6,4
757,0,1,0,3,0,1,1,0,55,0,0,1,0,3400,0,1,280,0,1,2,21,4
758,0,1,0,2,0,1,1,0,50,0,0,1,0,7000,0,1,267,0,1,1,25,3
759,0,1,0,1,1,1,1,1,140,1,0,1,1,12500,0,1,269,0,2,2,31,5
760,1,0,0,1,0,1,1,1,20,1,0,1,1,1600,0,1,267,0,1,2,6,4
761,1,0,0,2,1,1,0,1,18,1,0,1,1,800,0,1,267,0,1,2,6,3
762,1,0,0,2,1,1,1,1,25,1,0,1,1,1800,0,1,320,0,1,3,6,3
763,0,1,0,1,1,1,1,1,102,1,0,1,1,12000,0,1,322,0,1,3,6,4
764,1,0,0,3,1,1,0,1,20,1,0,1,1,1300,0,1,317,0,1,2,19,4
765,1,0,0,1,1,1,1,1,12,1,0,1,1,1100,0,1,269,0,1,2,6,3
766,0,1,0,2,1,1,1,1,95,1,0,1,1,5300,0,1,321,0,1,2,29,3
767,1,0,0,2,1,1,1,1,20,1,0,1,1,1800,0,1,269,0,2,3,25,3
768,0,1,0,2,1,1,1,1,52,1,0,1,1,3300,0,1,293,0,1,1,26,3
769,0,1,0,2,1,1,1,1,32,1,0,1,1,2300,0,1,292,0,1,1,6,3
770,0,1,0,2,1,0,1,0,68,0,0,1,0,4500,0,0,266,0,1,1,20,3
771,0,1,0,0,0,1,1,0,18,0,0,1,0,1650,0,1,127,0,1,1,1,4
772,0,1,0,0,0,1,1,0,16,0,0,1,0,1300,0,1,127,0,1,1,1,4
773,0,1,0,0,0,1,1,0,18,0,0,1,0,1500,0,1,127,0,1,1,1,4
774,0,1,0,0,0,1,1,0,60,0,0,1,0,1500,0,1,127,0,1,2,5,2
775,0,1,0,0,0,1,1,0,18,0,0,1,0,1600,0,1,127,0,1,1,1,4
776,0,1,0,0,0,0,1,0,176,0,0,1,0,13500,0,1,127,0,3,4,5,4
777,0,1,0,0,0,1,1,0,22,0,0,1,0,2800,0,1,127,0,1,1,1,4
778,0,1,0,0,0,1,1,0,84,0,0,1,0,2200,0,1,127,0,1,2,5,4
779,0,1,0,0,0,1,1,0,20,0,0,1,0,1500,0,1,127,0,1,1,1,4
780,0,1,0,0,1,1,1,1,80,1,0,1,1,6000,0,1,316,0,1,3,1,4
781,0,1,0,0,0,1,1,0,65,0,0,1,0,5800,0,1,127,0,1,2,2,4
782,0,1,0,0,0,1,1,0,15,1,0,1,1,1500,1,1,131,1,1,1,1,4
783,0,1,0,0,0,1,1,0,18,0,0,1,0,1600,0,1,127,0,1,1,1,4
784,0,1,0,0,0,0,1,0,180,0,0,1,0,6000,0,1,127,0,4,4,3,2
785,0,1,0,0,0,1,1,0,18,1,0,1,1,1500,1,1,127,1,1,1,1,4
786,0,1,0,0,0,1,1,0,66,1,0,1,1,7000,1,1,127,1,1,3,2,4
787,1,0,0,0,0,1,1,0,45,1,0,1,1,2700,1,1,127,0,1,2,5,4
788,1,0,0,0,0,0,1,0,30,0,0,0,0,850,0,1,127,0,1,3,5,4
789,0,1,0,0,0,1,1,0,98,0,0,1,0,3750,1,1,128,0,1,2,5,2
790,0,1,0,0,0,1,1,0,50,1,0,1,1,4500,1,1,123,1,1,2,1,4
791,0,1,0,0,1,1,1,1,60,1,0,1,1,5600,0,1,323,0,1,2,5,5
792,0,1,0,0,1,0,0,0,20,1,0,1,1,700,0,1,316,0,1,1,2,4
793,0,1,0,0,1,1,1,1,35,1,0,1,1,2300,0,1,319,0,1,1,4,4
794,0,1,0,0,1,0,0,1,40,0,0,1,1,1100,0,0,320,0,1,1,3,4
795,1,0,0,0,0,1,1,0,28,1,0,1,1,1260,1,1,85,1,1,3,5,4
796,0,1,0,0,0,0,1,0,25,0,0,1,0,450,0,1,320,0,1,1,3,4
797,0,1,0,0,1,1,1,1,55,1,0,1,1,5520,0,1,317,0,1,2,5,4
798,1,0,0,0,0,1,1,0,20,1,0,1,1,1600,1,1,84,1,1,3,5,4
799,0,1,0,0,1,0,0,0,22,0,0,1,1,650,0,1,296,0,1,1,4,4
800,0,1,0,0,0,0,0,0,22,0,1,0,0,3500,0,0,298,0,1,1,1,5
801,0,1,0,0,1,1,0,1,50,1,0,1,1,5300,0,1,296,0,1,3,3,4
802,0,1,0,0,0,0,0,0,10,0,0,0,1,1000,0,1,295,0,1,1,5,4
803,0,1,0,0,0,1,1,0,134,1,0,1,0,8500,0,1,85,1,2,3,5,5
804,1,0,0,0,0,1,1,0,12,1,0,1,1,1300,1,1,85,1,1,3,5,4
805,0,1,0,0,1,1,0,1,30,1,0,1,1,2350,0,1,280,0,1,1,2,5
806,1,0,0,0,0,0,0,1,20,0,0,0,1,1250,0,1,292,0,2,4,5,3
807,1,0,0,0,1,1,1,1,15,1,0,1,1,1600,0,1,268,0,1,1,5,4
808,0,1,0,0,1,0,1,1,23,0,0,1,1,1200,0,1,265,0,1,1,5,4
809,0,1,0,0,1,0,1,1,22,0,0,1,1,600,0,1,320,0,1,1,3,4
810,0,1,0,0,0,1,1,0,16,1,0,1,1,2300,1,1,85,1,1,1,5,4
811,0,1,0,0,0,0,1,0,65,0,0,1,0,5600,1,1,-14,1,1,2,5,4
812,0,1,0,0,1,0,1,0,22,1,0,1,1,1200,0,1,292,0,1,1,2,4
813,0,1,0,0,0,1,0,0,40,0,0,1,0,5500,0,1,296,0,1,1,3,3
814,0,1,0,0,0,1,1,0,52,1,0,1,1,3200,0,1,83,1,1,2,5,4
815,0,1,0,0,1,1,1,1,20,1,0,1,1,600,0,1,275,0,1,1,3,4
816,0,1,0,0,1,1,1,0,45,1,0,1,1,2900,0,1,317,0,1,2,5,4
817,0,1,0,0,0,1,1,0,49,1,0,1,1,6500,1,1,85,1,1,2,5,4
818,0,1,0,0,0,1,1,0,130,1,0,1,1,6500,1,1,85,1,2,3,2,4
819,0,1,0,0,1,1,1,1,25,1,0,1,1,2700,0,1,320,0,1,1,1,2
820,0,1,0,0,0,0,1,0,83,0,1,0,0,7680,0,0,322,0,1,3,5,3
821,0,1,0,0,1,1,1,1,85,1,0,1,1,11000,0,1,296,0,1,3,5,4
822,0,1,0,0,1,1,0,0,27,1,0,1,1,3100,0,1,276,0,1,1,3,4
823,0,1,0,0,0,0,0,0,80,0,1,0,0,700,0,0,268,0,1,5,5,2
824,0,1,0,0,1,1,1,1,330,1,0,1,1,13000,0,1,320,0,4,5,3,4
825,0,1,0,0,1,1,1,1,84,1,0,1,1,2200,0,1,319,0,1,3,5,2
826,1,0,0,0,1,1,1,1,20,1,0,1,1,1900,0,1,322,0,2,3,5,3
827,0,1,0,0,1,1,1,1,36,1,0,1,1,3800,0,1,322,0,1,1,1,3
828,1,0,0,0,0,1,1,1,18,1,0,1,1,1000,0,1,322,0,7,9,2,4
829,0,1,0,0,1,0,1,0,35,0,0,1,1,4200,0,1,292,0,1,2,1,3
830,0,1,0,0,0,0,1,0,58,0,0,0,0,4200,0,1,318,0,1,2,4,2
831,0,1,0,0,0,1,1,0,25,0,0,1,0,2100,0,1,294,0,1,1,5,3
832,0,1,0,0,0,0,1,0,20,0,1,0,0,1400,0,0,316,0,1,1,4,4
833,0,1,0,0,0,0,1,1,20,0,0,1,1,2300,0,1,239,1,1,1,3,3
834,0,1,0,0,1,1,1,1,25,1,0,1,1,600,0,1,317,0,1,1,4,3
835,0,1,0,0,1,1,1,1,92,1,0,1,1,6800,0,1,293,0,1,3,4,4
836,0,1,0,3,0,1,1,0,50,1,0,1,1,3000,1,1,198,1,1,1,6,0
837,1,0,0,2,0,1,1,0,18,0,0,1,0,499,0,1,197,0,1,3,6,3
838,1,0,0,1,0,1,1,0,20,0,0,1,0,2500,0,1,127,0,1,3,20,4
839,0,1,0,3,0,1,1,0,72,0,0,1,0,4500,0,1,127,0,1,2,6,4
840,0,1,0,3,0,1,1,0,60,0,0,1,0,7300,0,1,127,0,1,2,11,4
841,0,1,0,2,0,1,1,0,90,0,0,1,0,11000,0,1,127,0,1,1,32,3
842,0,1,0,1,0,0,1,0,52,0,1,0,0,6600,0,0,127,0,1,2,22,4
843,0,1,0,3,0,1,1,0,99,0,0,1,0,6500,0,0,241,0,1,2,18,3
844,0,1,0,2,1,1,0,1,83,1,0,1,1,7500,0,1,321,0,1,2,6,3
845,0,1,0,1,1,1,0,0,37,1,0,1,1,4300,0,1,318,0,1,1,23,4
846,0,1,0,1,0,0,1,0,60,0,0,0,0,9500,0,0,318,0,1,1,28,4
847,0,1,0,1,0,1,1,0,65,1,0,1,1,3800,1,1,85,1,1,2,6,4
848,0,1,0,1,0,1,1,0,60,0,0,1,0,5600,0,1,317,0,1,1,18,3
849,0,1,0,3,1,1,1,1,72,1,0,1,1,6700,0,1,296,0,1,2,7,4
850,0,1,0,3,1,1,1,1,80,1,0,1,1,9000,0,1,299,0,1,3,6,4
851,0,1,0,2,0,0,1,0,97,0,0,0,0,4900,0,1,296,0,1,2,20,3
852,0,1,0,1,0,1,1,0,60,1,0,1,1,3000,1,1,100,1,1,1,19,4
853,0,1,0,3,0,1,1,0,60,0,0,1,0,6500,0,0,321,0,1,2,6,3
854,0,1,0,2,1,1,1,1,110,1,0,1,1,14800,0,1,322,0,1,2,16,3
855,0,1,0,1,1,1,1,1,65,1,0,1,1,5600,0,1,318,0,1,2,18,4
856,0,1,0,2,0,0,0,0,59,0,0,1,0,8500,0,0,276,0,1,1,18,3
857,0,1,0,3,1,1,1,1,65,1,0,1,1,5900,0,1,295,0,1,2,6,4
858,0,1,0,3,0,0,1,0,105,0,0,0,0,5500,0,1,321,0,1,2,16,4
859,0,1,0,3,1,1,1,1,95,1,0,1,1,3200,0,1,321,0,1,2,18,2
860,0,1,0,1,0,1,1,0,20,0,0,1,0,1200,0,0,316,0,1,1,6,3
861,0,1,0,2,1,1,0,1,100,1,0,1,1,3000,0,1,279,0,1,2,7,3
862,0,1,0,3,0,0,1,0,43,0,0,0,0,5300,0,1,265,0,1,1,21,4
863,0,1,0,2,1,1,1,1,61,1,0,1,1,5700,0,1,319,0,1,2,18,3
864,0,1,0,2,1,1,1,1,46,1,0,1,1,4400,0,1,267,0,1,2,10,3
865,0,1,0,1,1,1,1,1,65,1,0,1,1,6000,0,1,295,0,1,2,6,4
866,0,1,0,2,1,1,1,1,65,1,0,1,1,6300,0,1,275,0,1,2,16,3
867,1,0,0,1,1,1,1,0,12,1,0,1,1,1800,0,1,283,0,1,2,6,3
868,0,1,0,1,1,1,1,1,204,1,0,1,1,21000,0,1,269,0,2,4,14,4
869,0,1,0,2,0,0,1,0,84,0,0,0,0,7500,0,1,321,0,1,2,24,3
870,0,1,0,1,1,1,0,1,80,1,0,1,1,5000,0,1,282,0,1,2,28,4
871,0,1,0,3,0,1,1,0,76,0,0,1,0,3600,0,1,319,0,1,2,23,4
872,0,1,0,3,0,0,0,1,20,1,0,1,1,1700,0,1,263,0,1,4,28,3
873,0,1,0,2,0,1,1,0,55,1,0,1,1,4300,1,1,85,1,1,1,8,3
874,0,1,0,2,1,1,1,1,60,1,0,1,1,4500,0,1,294,0,1,2,6,3
875,1,0,0,2,0,0,0,1,80,1,0,1,1,1650,0,1,322,0,1,2,7,3
876,0,1,0,1,0,0,1,0,61,0,0,0,0,7000,0,1,296,0,1,3,6,4
877,0,1,0,2,1,0,0,1,86,0,0,1,1,2800,0,0,276,0,1,2,16,3
878,0,1,0,2,0,0,1,0,192,0,0,0,0,17000,0,1,321,0,2,3,21,3
879,0,1,0,1,0,0,1,0,65,0,0,0,0,3000,0,1,297,0,1,2,6,2
880,0,1,0,3,0,1,1,0,98,1,0,1,1,7500,1,1,100,1,1,2,19,4
881,0,1,0,1,1,1,1,0,62,1,0,1,1,1500,0,1,265,0,1,2,24,4
882,1,0,0,1,0,0,0,0,20,0,0,1,1,1500,0,1,318,0,1,3,9,2
883,0,1,0,3,0,0,1,0,50,0,0,0,0,7300,0,1,297,0,1,1,20,4
884,0,1,0,1,1,1,1,1,55,1,0,1,1,4600,0,1,318,0,1,1,9,4
885,0,1,0,1,1,1,1,1,65,1,0,1,1,5000,0,1,265,0,1,2,6,4
886,0,1,0,1,0,1,1,0,47,0,0,1,0,4450,0,0,322,0,1,1,25,2
887,0,1,0,1,1,1,1,1,72,1,0,1,1,4600,0,1,321,0,1,2,12,4
888,0,1,0,1,1,1,1,1,60,1,0,1,1,3600,0,1,315,0,1,2,6,3
889,0,1,0,1,1,1,0,1,88,1,0,1,1,4800,0,1,316,0,1,2,27,3
890,0,1,0,3,0,1,1,0,40,0,0,1,0,4000,0,1,292,0,1,1,6,3
891,0,1,0,3,1,1,1,1,80,1,0,1,1,6500,0,1,269,0,1,3,6,3
892,0,1,0,3,1,1,0,1,80,1,0,1,1,4300,0,1,267,0,1,2,28,4
893,0,1,0,3,1,1,1,1,65,1,0,1,1,5300,0,1,321,0,1,2,6,3
894,1,0,0,3,0,1,0,0,30,0,0,1,1,2500,0,1,282,0,1,3,28,2
895,1,0,0,1,1,0,0,1,15,1,0,1,0,750,0,1,298,0,1,2,15,3
896,0,1,0,2,1,1,0,1,45,1,0,1,1,4000,0,1,268,0,1,1,6,3
897,1,0,0,1,0,0,0,0,19,0,0,1,1,1850,0,1,320,0,1,3,14,3
898,0,1,0,2,1,1,1,1,44,1,0,1,1,3000,0,1,316,0,1,1,14,3
899,0,1,0,2,1,1,0,1,97,1,0,1,1,3000,0,1,263,0,1,2,18,3
900,0,1,0,0,0,1,1,0,56,0,0,1,0,2500,0,1,127,0,1,1,5,5
901,0,1,0,0,0,1,1,0,60,0,0,1,0,6300,0,1,127,0,1,2,5,4
902,0,1,0,0,0,1,1,0,43,0,0,1,0,4900,0,1,297,0,1,1,5,4
903,0,1,0,0,1,1,1,1,53,1,0,1,1,3800,0,1,291,0,1,2,5,3
904,0,1,0,0,1,1,0,1,65,1,0,1,1,1900,0,1,278,0,1,2,2,3
905,0,1,0,0,0,1,1,0,28,1,0,1,1,3300,1,1,85,1,1,1,2,4
906,0,1,0,0,0,1,0,0,32,0,0,1,1,3700,0,1,239,1,1,1,4,4
907,0,1,0,0,1,1,1,1,45,1,0,1,1,3500,0,1,270,0,1,1,6,3
908,0,1,0,0,1,0,1,1,16,0,0,1,1,2200,0,1,267,0,1,1,2,5
909,1,0,0,0,1,0,0,1,28,0,0,1,1,600,0,1,318,0,1,1,2,3
910,1,0,0,0,1,0,0,0,15,0,0,1,0,1500,0,1,319,0,1,1,2,2
911,0,1,0,0,1,1,1,1,75,1,0,1,1,7500,0,1,321,0,1,2,5,4
912,0,1,0,0,1,1,1,1,58,1,0,1,1,4200,0,1,322,0,1,2,5,4
913,0,1,0,0,1,1,0,0,30,1,0,1,1,2000,0,1,263,0,1,1,4,4
914,0,1,0,0,1,0,1,0,71,1,0,1,1,2400,0,1,275,0,1,2,5,3
915,0,1,0,2,1,1,0,1,37,1,0,1,1,2200,0,1,318,0,1,1,6,3
916,0,1,0,2,0,0,0,0,60,0,1,0,0,3000,0,0,317,0,1,2,20,3
917,0,1,0,2,1,1,0,1,73,1,0,1,1,6000,0,1,281,0,1,2,23,3
918,0,1,0,2,1,0,0,1,60,0,0,1,1,2400,0,1,280,0,1,1,22,3
919,0,1,0,2,0,0,0,0,107,0,1,0,0,5800,0,0,276,0,1,2,11,3
920,1,0,0,2,1,1,0,1,30,1,0,1,1,2000,0,1,318,0,2,3,33,3
921,0,1,0,2,0,0,1,0,50,0,1,0,0,3800,0,0,280,0,1,1,6,3
922,0,1,0,2,1,0,0,1,89,0,0,1,0,5500,0,0,270,0,1,2,18,3
923,0,1,0,3,1,1,0,1,65,1,0,1,1,2900,0,1,316,0,1,2,18,0
924,0,1,0,3,0,0,0,0,46,0,1,0,0,5700,0,0,316,0,1,1,16,0
925,0,1,0,1,1,1,0,1,52,1,0,1,1,3300,0,1,317,0,1,1,15,0
926,0,1,0,3,0,0,0,0,90,0,1,0,0,4600,0,0,320,0,1,2,24,0
927,1,0,0,1,0,0,0,0,10,1,0,1,1,2060,0,1,322,0,2,4,30,0
928,0,1,0,1,1,1,0,1,47,1,0,1,1,4300,0,1,299,0,1,1,10,0
929,0,1,0,3,0,0,0,0,89,0,1,0,0,1600,0,0,294,0,1,2,32,0
930,0,1,0,1,1,0,0,0,38,0,0,1,1,3000,0,0,322,0,1,2,16,0
931,0,1,0,3,0,0,0,1,91,0,0,1,0,3300,0,0,315,0,1,3,28,0
932,0,1,0,3,1,1,0,1,75,1,0,1,1,4500,0,1,293,0,1,1,6,0
933,1,0,0,1,0,0,0,0,16,1,0,1,1,1000,0,1,294,0,2,3,6,0
934,0,1,0,1,1,1,0,1,102,1,0,1,1,6000,0,1,321,0,1,2,15,0
935,1,0,0,1,0,0,0,0,20,0,1,0,0,1000,0,0,320,0,1,3,19,0
936,0,1,0,3,1,1,0,0,58,1,0,1,1,1400,0,1,268,0,1,1,31,0
937,0,1,0,3,1,1,0,1,87,1,0,1,1,1800,0,1,322,0,1,2,34,0
938,0,1,0,1,1,1,0,1,103,1,0,1,1,3500,0,1,280,0,1,2,11,0
939,1,0,0,1,1,1,0,1,14,0,0,1,1,1600,0,1,294,0,1,3,6,0
940,0,1,0,1,0,0,0,0,61,0,1,0,0,1000,0,0,292,0,1,1,27,0
941,1,0,0,1,0,1,0,0,20,0,0,1,1,2600,0,1,320,0,1,2,6,0
942,0,1,0,1,1,0,0,0,55,1,0,1,1,4900,0,1,322,0,1,1,11,0
943,0,1,0,1,1,1,0,1,48,1,0,1,1,4300,0,1,322,0,1,1,10,0
944,0,1,0,3,1,1,0,1,90,1,0,1,1,4000,0,1,292,0,1,2,15,0
945,0,1,0,0,1,0,0,1,25,0,0,1,1,850,0,1,320,0,1,1,4,0
946,0,1,0,0,0,0,0,0,20,0,1,0,0,1600,0,0,320,0,1,1,3,0
947,0,1,0,0,1,1,0,1,100,1,0,1,1,1200,0,1,317,0,1,3,3,0
948,0,1,0,0,0,0,0,0,30,0,1,0,0,1200,0,0,316,0,1,2,2,0
949,0,1,0,0,1,0,0,0,20,0,0,1,1,1000,0,1,292,0,1,1,2,0
950,1,0,0,0,0,0,0,0,20,0,0,1,1,600,0,1,322,0,1,1,5,0
951,0,1,0,0,0,0,0,0,40,0,0,0,0,400,0,1,322,0,1,1,1,0
952,1,0,0,0,1,0,0,0,25,1,0,1,1,550,0,1,318,0,1,1,2,0
953,0,1,0,0,1,0,0,0,16,0,0,1,1,2300,0,1,294,0,1,1,2,0
954,0,1,0,0,1,1,0,1,85,1,0,1,1,4200,0,1,316,0,1,2,5,0
955,0,1,0,0,0,0,0,1,20,0,0,1,1,500,0,1,282,0,1,1,4,0
956,0,1,0,0,1,1,0,1,20,1,0,1,1,2699,0,1,275,0,1,1,4,0
957,0,1,0,0,1,1,0,0,27,1,0,1,1,1600,0,1,292,0,1,1,4,0
958,0,1,0,0,1,0,0,0,20,0,0,1,1,650,0,1,277,0,1,1,2,0
959,0,1,0,0,0,0,0,0,25,0,1,0,0,1000,0,0,298,0,1,1,2,0
960,0,1,0,0,0,0,0,0,8,0,0,0,1,750,0,1,278,0,1,1,1,0
961,0,1,0,0,0,0,0,0,5,0,0,1,0,1200,0,1,268,0,1,1,1,0
962,0,1,0,0,0,0,0,1,22,0,0,1,1,2100,0,1,266,0,1,1,2,0
963,0,1,0,0,1,1,0,0,15,0,0,1,1,1600,0,1,318,0,1,1,2,0
964,0,1,0,0,1,1,0,1,20,1,0,1,1,1400,0,1,320,0,1,1,2,0
965,0,1,0,0,0,0,0,0,120,0,1,0,0,1200,0,0,320,0,1,4,1,0
966,0,1,0,0,1,0,0,0,15,0,0,1,1,1500,0,1,321,0,1,1,4,0
967,0,1,0,0,0,1,0,1,56,1,0,1,1,2800,0,1,317,0,1,2,5,0
968,0,1,0,0,1,1,0,0,50,1,0,1,1,3799,0,1,269,0,1,1,3,0
969,0,1,0,0,0,0,0,0,20,0,0,1,0,600,0,1,322,0,1,1,3,0
970,1,0,0,2,0,1,1,0,18,0,0,1,0,1700,0,1,127,0,1,1.93713178,13,3
971,1,0,0,1,0,1,1,0,25,0,0,1,0,1800,0,1,127,0,1,1.965406096,6,4
972,1,0,0,1,0,1,1,0,131,0,0,1,0,1500,0,1,127,0,1,2.393560027,11,4
973,1,0,0,1,0,1,1,0,25,0,0,1,0,2050,0,1,127,0,1,1.965406096,16,4
974,1,0,0,2,0,1,1,0,40,0,0,1,0,4200,0,1,127,0,1,2.025993917,30,3
975,1,0,0,3,1,1,1,1,25,1,0,1,1,1500,0,1,319,0,1,1.965406096,24,4
976,1,0,0,3,1,1,1,1,18,1,0,1,1,1800,0,1,296,0,1,1.93713178,24,4
977,1,0,0,2,1,1,1,1,26,1,0,1,1,2100,0,1,321,0,1,1.969445284,11,3
978,1,0,0,2,1,1,1,1,132,1,0,1,1,550,0,1,297,0,1,2.397599215,27,3
979,1,0,0,0,0,0,0,0,63.34055072,0,1,0,0,3500,0,0,318,0,1,3,6,0
